"Handle","Title","Body (HTML)","Option1 Name","Option1 Value"
"siesa-0000206","AUTOBRONCEADOR NUDEx20ml CREMA SACHET","<p><strong>Autobronceador Nude 20 ml Crema Sachet</strong></p><p>El autobronceador en crema de Nude, en sachet de 20 ml, te da un tono dorado en la piel sin necesidad de exponerte al sol. Una presentación práctica para probarlo o llevarlo de viaje.</p><p><strong>Por qué te va a gustar</strong></p><ul>
<li>Bronceado de apariencia natural sin pasar horas bajo el sol.</li>
<li>Fórmula que actúa sobre la queratina de la piel para un color uniforme.</li>
<li>Color duradero que se va desvaneciendo de forma pareja.</li>
<li>Sachet de 20 ml fácil de llevar en la cartera o la maleta.</li>
</ul><p><strong>Modo de uso</strong></p><ol>
<li>Exfoliá y secá bien la piel antes de aplicarlo.</li>
<li>Aplicá una capa delgada y uniforme con movimientos circulares, insistiendo menos en codos, rodillas y tobillos.</li>
<li>Lavate las manos apenas termines y dejá secar antes de vestirte.</li>
</ol><p><strong>Ideal para:</strong> quienes quieren un tono bronceado sin exponerse al sol o para retocar el color entre sesiones.</p><p><strong>Tip Krika:</strong> Mezclá una gotita de crema hidratante en codos y rodillas antes de aplicarlo: así esas zonas no se oscurecen de más.</p>","Title","Default Title"
"trata-cap-salon-inx30g-keratin-ultra-for","TRATAMIENTO CAPILAR SALON INx30g KERATIN ULTRA FORCE","<p><strong>Tratamiento Capilar Salon In 30 g Keratin Ultra Force</strong></p><p>El tratamiento Keratin Ultra Force de Salon In by Recamier, en presentación de 30 g, está formulado para cabellos débiles y maltratados. Fortalece la fibra y devuelve suavidad a las zonas más dañadas.</p><p><strong>Por qué te va a gustar</strong></p><ul>
<li>Con queratina y aceite de argán para fortalecer el cabello débil.</li>
<li>Ayuda a reducir el quiebre en las zonas más maltratadas de la fibra.</li>
<li>Devuelve suavidad, brillo y vitalidad desde la primera aplicación.</li>
<li>Presentación de 30 g ideal para una aplicación o para probarlo.</li>
</ul><p><strong>Modo de uso</strong></p><ol>
<li>Lavá el cabello con tu shampoo habitual y retirá el exceso de agua.</li>
<li>Aplicá el tratamiento sobre el cabello húmedo, de medios a puntas.</li>
<li>Dejá actuar de 2 a 5 minutos y enjuagá con abundante agua.</li>
</ol><p><strong>Ideal para:</strong> cabello débil, quebradizo o maltratado por químicos y calor.</p><p><strong>Tip Krika:</strong> Antes de aplicarlo, desenredá con peine de dientes anchos: así el producto se reparte parejo y no se desperdicia.</p>","Title","Default Title"
"shamp-pocionx450ml-crecimiento","SHAMPOO POCIONx450ml CRECIMIENTO","<p><strong>Shampoo La Poción 450 ml Crecimiento</strong></p><p>El shampoo Crecimiento y Caída de La Poción, en frasco de 450 ml, es un shampoo estimulante que actúa sobre el cuero cabelludo para ayudar a controlar la caída y favorecer un crecimiento fuerte y sano.</p><p><strong>Por qué te va a gustar</strong></p><ul>
<li>Con ají, jengibre y trébol rojo, activos naturales que estimulan desde la raíz.</li>
<li>Ayuda a controlar la caída y a fortalecer el cabello mientras lavás.</li>
<li>El trébol rojo aporta antioxidantes para mantener un cuero cabelludo saludable.</li>
<li>Apto para todo tipo de cabello y de uso diario.</li>
<li>Frasco de 450 ml que te rinde para varias semanas.</li>
</ul><p><strong>Modo de uso</strong></p><ol>
<li>Aplicá sobre el cabello húmedo, concentrándote en el cuero cabelludo.</li>
<li>Masajeá con las yemas de los dedos durante uno o dos minutos.</li>
<li>Enjuagá con abundante agua y repetí si lo necesitás.</li>
</ol><p><strong>Ideal para:</strong> cabello con caída o quienes quieren estimular su crecimiento.</p><p><strong>Tip Krika:</strong> Combinalo con el resto de la línea Crecimiento de La Poción y sé constante: los resultados en caída se notan con semanas de uso.</p>","Title","Default Title"
"labial-nailenx4g-69","LABIAL NAILENx4g 69","<p><strong>Labial Nailen 4 g Tono 69</strong></p><p>El labial tradicional de Nailen, en barra de 4 g, te da color con cobertura completa y una textura cremosa que se desliza fácil y cuida tus labios.</p><p><strong>Tono:</strong> 69</p><p><strong>Por qué te va a gustar</strong></p><ul>
<li>Cobertura completa de color en una sola pasada.</li>
<li>Emolientes y ceras que le dan textura cremosa y fácil deslizamiento.</li>
<li>Ayuda a mantener los labios humectados mientras lo llevás puesto.</li>
<li>Formato clásico en barra, práctico para retocar durante el día.</li>
</ul><p><strong>Modo de uso</strong></p><ol>
<li>Partí de labios limpios e hidratados.</li>
<li>Aplicá desde el centro del labio hacia las comisuras.</li>
<li>Para más intensidad, aplicá una segunda capa.</li>
</ol><p><strong>Ideal para:</strong> quienes buscan un labial cremoso de uso diario con color pleno.</p><p><strong>Tip Krika:</strong> Pasá un pañuelo suavemente sobre los labios después de la primera capa y aplicá otra: el color dura mucho más.</p>","Title","Default Title"
"esmalte-masglox135ml-gel-brillo-top-sl","ESMALTE MASGLOx13.5ml GEL BRILLO TOP SIN LAMPARA","<p><strong>Esmalte Masglo 13,5 ml Gel Brillo Top Sin Lámpara</strong></p><p>El Brillo Gel Top de Masglo, en frasco de 13,5 ml, es un brillo con efecto gel que no necesita lámpara. Sella tu manicure con un acabado súper brillante y prolonga el color.</p><p><strong>Por qué te va a gustar</strong></p><ul>
<li>Efecto gel sin lámpara: se seca al aire libre.</li>
<li>Hasta 10 días de color y brillo extremo, según la marca.</li>
<li>Secado rápido para que no pases tanto tiempo esperando.</li>
<li>Brillo transparente sin partículas que funciona sobre cualquier tono.</li>
</ul><p><strong>Modo de uso</strong></p><ol>
<li>Aplicá tu esmalte de color y dejalo secar.</li>
<li>Aplicá una capa uniforme de Brillo Gel Top cubriendo toda la uña, incluido el borde.</li>
<li>Esperá unos segundos a que seque por completo.</li>
</ol><p><strong>Ideal para:</strong> manicure y pedicure en casa con acabado tipo gel sin equipos.</p><p><strong>Tip Krika:</strong> Pasá el pincel también por el filo de la uña: ese sellado evita que el esmalte se levante en las puntas.</p>","Title","Default Title"
