old_url,new_filename,new_url,file_id,status
https://cdn.shopify.com/s/files/1/0793/9457/0452/files/20250822_172815_954284____single-1_____1200x1200_86f0d8f3-6ee9-45ab-a331-ec474d57df7a.jpg?v=1763312433,themoontoys-the-monsters-pin-for-love-series-vinyl-plush-pendant-blind-box-n-z-1.jpg,,,PENDING
https://cdn.shopify.com/s/files/1/0793/9457/0452/files/20250822_172815_929922____wholes-1_____1200x1200_926cc2dd-7bb1-4cab-af6b-959fb29b326e.jpg?v=1763312433,themoontoys-the-monsters-pin-for-love-series-vinyl-plush-pendant-blind-box-n-z-2.jpg,,,PENDING
https://cdn.shopify.com/s/files/1/0793/9457/0452/files/20250822_172815_929753____1_them-1_____1200x1200_51a055c9-c258-4825-9f18-3b17d80abb3a.jpg?v=1763312433,themoontoys-the-monsters-pin-for-love-series-vinyl-plush-pendant-blind-box-n-z-3.jpg,,,PENDING
https://cdn.shopify.com/s/files/1/0793/9457/0452/files/20250822_172815_185312____scene_-1_____1200x1200_ab7d5c26-2e06-4fc4-80ba-02d86962d09f.jpg?v=1763312433,themoontoys-the-monsters-pin-for-love-series-vinyl-plush-pendant-blind-box-n-z-4.jpg,,,PENDING
https://cdn.shopify.com/s/files/1/0793/9457/0452/files/20250822_172815_738271____2_them-1_____1200x1200_83854c03-db35-41f9-a81c-907f0470fad3.jpg?v=1763312433,themoontoys-the-monsters-pin-for-love-series-vinyl-plush-pendant-blind-box-n-z-5.jpg,,,PENDING
https://cdn.shopify.com/s/files/1/0793/9457/0452/files/20250822_172815_827654____3_them-1_____1200x1200_f9dc3145-64cd-4de6-b906-a8cd36595c28.jpg?v=1763312433,themoontoys-the-monsters-pin-for-love-series-vinyl-plush-pendant-blind-box-n-z-6.jpg,,,PENDING
https://cdn.shopify.com/s/files/1/0793/9457/0452/files/20240111_092846_135210__1200x1200_705bcd89-825c-46f6-b8fb-9930b5ccaf1b.jpg?v=1763312325,themoontoys-the-monsters-catch-me-if-you-like-me-series-vinyl-doll-gift-box-1.jpg,,,PENDING
https://cdn.shopify.com/s/files/1/0793/9457/0452/files/20240111_092846_913577__1200x1200_21c0fde7-4a02-4a48-99c8-d19b9bd99205.jpg?v=1763312325,themoontoys-the-monsters-catch-me-if-you-like-me-series-vinyl-doll-gift-box-2.jpg,,,PENDING
https://cdn.shopify.com/s/files/1/0793/9457/0452/files/20240112_105501_114302__1200x1200_e9f08f71-87c0-463c-9e2b-b480f475ad2d.jpg?v=1763312325,themoontoys-the-monsters-catch-me-if-you-like-me-series-vinyl-doll-gift-box-3.jpg,,,PENDING
https://cdn.shopify.com/s/files/1/0793/9457/0452/files/20240112_105501_587265__1200x1200_106a53e4-a9e3-4e10-88a9-36d01a2d5893.jpg?v=1763312325,themoontoys-the-monsters-catch-me-if-you-like-me-series-vinyl-doll-gift-box-4.jpg,,,PENDING
https://cdn.shopify.com/s/files/1/0793/9457/0452/files/20240112_105501_748337__1200x1200_1d85b08d-3ead-4301-9c72-c83cab5aa4f9.jpg?v=1763312325,themoontoys-the-monsters-catch-me-if-you-like-me-series-vinyl-doll-gift-box-5.jpg,,,PENDING
https://cdn.shopify.com/s/files/1/0793/9457/0452/files/20240703_182402_236712____the-monsters-flip-with-me-vinyl-plush-doll-plush-toys-pop-mart-us-1_____1200x1200_39f25fe5-b0b6-4925-b36f-8d5d270c9365.jpg?v=1763312264,themoontoys-the-monsters-flip-with-me-vinyl-plush-doll-1.jpg,,,PENDING
https://cdn.shopify.com/s/files/1/0793/9457/0452/files/20240703_182402_473533____the-monsters-flip-with-me-vinyl-plush-doll-plush-toys-pop-mart-us-scene_4_____1200x1200_672b2c93-3116-4388-a61e-71ff33d182d2.jpg?v=1763312261,themoontoys-the-monsters-flip-with-me-vinyl-plush-doll-2.jpg,,,PENDING
https://cdn.shopify.com/s/files/1/0793/9457/0452/files/20240703_182402_769586____the-monsters-flip-with-me-vinyl-plush-doll-plush-toys-pop-mart-us-scene_3_____1200x1200_bb496742-c595-46a7-9a85-334aac53450d.jpg?v=1763312261,themoontoys-the-monsters-flip-with-me-vinyl-plush-doll-3.jpg,,,PENDING
https://cdn.shopify.com/s/files/1/0793/9457/0452/files/20240703_182402_830824____the-monsters-flip-with-me-vinyl-plush-doll-plush-toys-pop-mart-us-scene_1_____1200x1200_1a33731f-04a1-41af-a4a0-8619d1412e50.jpg?v=1763312261,themoontoys-the-monsters-flip-with-me-vinyl-plush-doll-4.jpg,,,PENDING
https://cdn.shopify.com/s/files/1/0793/9457/0452/files/20240703_182402_956934____the-monsters-flip-with-me-vinyl-plush-doll-plush-toys-pop-mart-us-scene_2_____1200x1200_70c99da4-77cc-4a0e-b1b0-4d261000ef50.jpg?v=1763312261,themoontoys-the-monsters-flip-with-me-vinyl-plush-doll-5.jpg,,,PENDING
https://cdn.shopify.com/s/files/1/0793/9457/0452/files/20250724_180946_664834____labubu-time-to-chill_____1200x1200_d9efbb62-bbde-4a00-a71b-6f3bff923dad.jpg?v=1763312205,themoontoys-the-mosnters-time-to-chill-vinyl-plush-doll-1.jpg,,,PENDING
https://cdn.shopify.com/s/files/1/0793/9457/0452/files/20250724_180957_370155____6_labubu-time-to-chill-vinyl-plush-doll_plush-toys_details_popmart-us_____1200x1200_6660d364-7b28-4bdf-b6f0-e6774061f965.jpg?v=1763312205,themoontoys-the-mosnters-time-to-chill-vinyl-plush-doll-2.jpg,,,PENDING
https://cdn.shopify.com/s/files/1/0793/9457/0452/files/20250724_180957_377334____5_labubu-time-to-chill-vinyl-plush-doll_plush-toys_details_popmart-us_____1200x1200_7ac7cbd3-29f1-4830-8dd1-a221a3531022.jpg?v=1763312205,themoontoys-the-mosnters-time-to-chill-vinyl-plush-doll-3.jpg,,,PENDING
https://cdn.shopify.com/s/files/1/0793/9457/0452/files/20250724_180957_593092____2_labubu-time-to-chill-vinyl-plush-doll_plush-toys_details_popmart-us_____1200x1200_7ac0e679-ad84-4b69-b116-4ec08a1ebcac.jpg?v=1763312205,themoontoys-the-mosnters-time-to-chill-vinyl-plush-doll-4.jpg,,,PENDING
https://cdn.shopify.com/s/files/1/0793/9457/0452/files/20250724_180957_656707____3_labubu-time-to-chill-vinyl-plush-doll_plush-toys_details_popmart-us_____1200x1200_95f20391-9e3e-48a9-8bb5-7b00f2e74e1b.jpg?v=1763312205,themoontoys-the-mosnters-time-to-chill-vinyl-plush-doll-5.jpg,,,PENDING
https://cdn.shopify.com/s/files/1/0793/9457/0452/files/20250724_180957_975496____4_labubu-time-to-chill-vinyl-plush-doll_plush-toys_details_popmart-us_____1200x1200_76ef2f50-23a4-4c5c-a64c-c455a59a1c87.jpg?v=1763312205,themoontoys-the-mosnters-time-to-chill-vinyl-plush-doll-6.jpg,,,PENDING
https://cdn.shopify.com/s/files/1/0793/9457/0452/files/473-0a53c2cbce3249047617459677610088-1024-1024.png?v=1763472244,themoontoys-the-monsters-have-a-seat-vinyl-plush-blind-box-1.png,,,PENDING
https://cdn.shopify.com/s/files/1/0793/9457/0452/files/20240708_103610_362376_________1200x1200_1.webp?v=1763472282,themoontoys-the-monsters-have-a-seat-vinyl-plush-blind-box-2.webp,,,PENDING
https://cdn.shopify.com/s/files/1/0793/9457/0452/files/20240710_102728_027308____the-monsters-have-a-seat-vinyl-plush-blind-box-blind-boxes-pop-mart-us-scene_1_____1200x1200_f85418fb-2e93-4904-af44-c546c21e6426.jpg?v=1763472282,themoontoys-the-monsters-have-a-seat-vinyl-plush-blind-box-3.jpg,,,PENDING
https://cdn.shopify.com/s/files/1/0793/9457/0452/files/20240710_102728_107694____the-monsters-have-a-seat-vinyl-plush-blind-box-blind-boxes-pop-mart-us-5_____1200x1200_32627449-1b32-4f1d-b689-41e388488f5c.jpg?v=1763472282,themoontoys-the-monsters-have-a-seat-vinyl-plush-blind-box-4.jpg,,,PENDING
https://cdn.shopify.com/s/files/1/0793/9457/0452/files/20240710_102728_268600____the-monsters-have-a-seat-vinyl-plush-blind-box-blind-boxes-pop-mart-us-secret_____1200x1200_953b3c21-e3dd-4fc8-8047-78ad5117fbc2.jpg?v=1763472282,themoontoys-the-monsters-have-a-seat-vinyl-plush-blind-box-5.jpg,,,PENDING
https://cdn.shopify.com/s/files/1/0793/9457/0452/files/20240710_102728_405355____the-monsters-have-a-seat-vinyl-plush-blind-box-blind-boxes-pop-mart-us-1_____1200x1200_36a51f7b-e59e-4355-bb87-ac70918da943.jpg?v=1763472282,themoontoys-the-monsters-have-a-seat-vinyl-plush-blind-box-6.jpg,,,PENDING
https://cdn.shopify.com/s/files/1/0793/9457/0452/files/20240710_102728_595478____the-monsters-have-a-seat-vinyl-plush-blind-box-blind-boxes-pop-mart-us-2_____1200x1200_3de59477-51ba-427e-b3b4-4765c5a49c74.jpg?v=1763472282,themoontoys-the-monsters-have-a-seat-vinyl-plush-blind-box-7.jpg,,,PENDING
https://cdn.shopify.com/s/files/1/0793/9457/0452/files/20240710_102728_771361____the-monsters-have-a-seat-vinyl-plush-blind-box-blind-boxes-pop-mart-us-4_____1200x1200_025c68bd-37a7-4a90-84fa-6d46fafca697.jpg?v=1763472282,themoontoys-the-monsters-have-a-seat-vinyl-plush-blind-box-8.jpg,,,PENDING
https://cdn.shopify.com/s/files/1/0793/9457/0452/files/20240710_102728_788591____the-monsters-have-a-seat-vinyl-plush-blind-box-blind-boxes-pop-mart-us-3_____1200x1200_0a149555-d2bd-4cf8-a866-e6c5e577d57d.jpg?v=1763472282,themoontoys-the-monsters-have-a-seat-vinyl-plush-blind-box-9.jpg,,,PENDING
https://cdn.shopify.com/s/files/1/0793/9457/0452/files/20240710_102728_867680____the-monsters-have-a-seat-vinyl-plush-blind-box-blind-boxes-pop-mart-us-6_____1200x1200_37945671-afa4-4038-aeb0-a2d16a9bac8c.jpg?v=1763472282,themoontoys-the-monsters-have-a-seat-vinyl-plush-blind-box-10.jpg,,,PENDING
https://cdn.shopify.com/s/files/1/0793/9457/0452/files/20250822_172509_662389____single-1_____1200x1200_1b959ebe-375a-4696-92e0-1f51b36229f9.jpg?v=1763311677,themoontoys-the-monsters-pin-for-love-series-vinyl-plush-pendant-blind-box-a-m-1.jpg,,,PENDING
https://cdn.shopify.com/s/files/1/0793/9457/0452/files/20250822_172509_672093____wholes-1_____1200x1200_72df38e2-824c-4aa7-bb10-dbfff61c41a5.jpg?v=1763311677,themoontoys-the-monsters-pin-for-love-series-vinyl-plush-pendant-blind-box-a-m-2.jpg,,,PENDING
https://cdn.shopify.com/s/files/1/0793/9457/0452/files/20250822_172508_467166____1_them-1_____1200x1200_2260a26e-142b-43f7-97c4-8c4ce4a674bf.jpg?v=1763311677,themoontoys-the-monsters-pin-for-love-series-vinyl-plush-pendant-blind-box-a-m-3.jpg,,,PENDING
https://cdn.shopify.com/s/files/1/0793/9457/0452/files/20250822_172509_204443____2_them-1_____1200x1200_b60d9911-e5f1-4ff9-9140-27e2de631ac3.jpg?v=1763311677,themoontoys-the-monsters-pin-for-love-series-vinyl-plush-pendant-blind-box-a-m-4.jpg,,,PENDING
https://cdn.shopify.com/s/files/1/0793/9457/0452/files/20250822_172509_435042____scene_-1_____1200x1200_403fbf38-e7cc-4dba-afec-88bb2ab37095.jpg?v=1763311677,themoontoys-the-monsters-pin-for-love-series-vinyl-plush-pendant-blind-box-a-m-5.jpg,,,PENDING
https://cdn.shopify.com/s/files/1/0793/9457/0452/files/20250822_172509_893869____secret-1_____1200x1200_eb4e7bb5-ddd7-4ac9-85a9-a37f6d563d1b.jpg?v=1763311677,themoontoys-the-monsters-pin-for-love-series-vinyl-plush-pendant-blind-box-a-m-6.jpg,,,PENDING
https://cdn.shopify.com/s/files/1/0793/9457/0452/files/20250822_172509_977571____3_them-1_____1200x1200_0880ab73-a3ef-4f50-b0a4-421f2ab034e0.jpg?v=1763311677,themoontoys-the-monsters-pin-for-love-series-vinyl-plush-pendant-blind-box-a-m-7.jpg,,,PENDING
https://cdn.shopify.com/s/files/1/0793/9457/0452/files/20250722_141315_493383____single-box_the-monsters-exciting-macaron-vinyl-face-blind-box_plush-toys_details_popmart-us_____1200x1200_13784249-ea7e-441c-b5c9-094662a44fbd.jpg?v=1763311579,themoontoys-the-monsters-exciting-macaron-vinyl-face-blind-box-1.jpg,,,PENDING
https://cdn.shopify.com/s/files/1/0793/9457/0452/files/20250722_141315_475743____whole-set_the-monsters-exciting-macaron-vinyl-face-blind-box_plush-toys_details_popmart-us_____1200x1200_8e51be49-f9e3-42e8-95a0-33b2250d6f4a.jpg?v=1763311578,themoontoys-the-monsters-exciting-macaron-vinyl-face-blind-box-2.jpg,,,PENDING
https://cdn.shopify.com/s/files/1/0793/9457/0452/files/20250722_141315_691269____1_the-monsters-exciting-macaron-vinyl-face-blind-box_plush-toys_details_popmart-us_____1200x1200_75158f0e-1d80-493f-b58d-d96c4cde41c2.jpg?v=1763311579,themoontoys-the-monsters-exciting-macaron-vinyl-face-blind-box-3.jpg,,,PENDING
https://cdn.shopify.com/s/files/1/0793/9457/0452/files/20250722_141315_049643____secret_the-monsters-exciting-macaron-vinyl-face-blind-box_plush-toys_details_popmart-us_____1200x1200_4ecdd280-8514-416e-9053-6bb483662faf.jpg?v=1763311578,themoontoys-the-monsters-exciting-macaron-vinyl-face-blind-box-4.jpg,,,PENDING
https://cdn.shopify.com/s/files/1/0793/9457/0452/files/20250722_141315_751793____2_the-monsters-exciting-macaron-vinyl-face-blind-box_plush-toys_details_popmart-us_____1200x1200_a27797ae-89a7-43e0-8b7d-bf0b3edab844.jpg?v=1763311578,themoontoys-the-monsters-exciting-macaron-vinyl-face-blind-box-5.jpg,,,PENDING
https://cdn.shopify.com/s/files/1/0793/9457/0452/files/20250722_141315_461117____4_the-monsters-exciting-macaron-vinyl-face-blind-box_plush-toys_details_popmart-us_____1200x1200_60bf945e-7f38-49d8-b8cf-307f783c4f5d.jpg?v=1763311579,themoontoys-the-monsters-exciting-macaron-vinyl-face-blind-box-6.jpg,,,PENDING
https://cdn.shopify.com/s/files/1/0793/9457/0452/files/20250722_141315_367902____3_the-monsters-exciting-macaron-vinyl-face-blind-box_plush-toys_details_popmart-us_____1200x1200_26c9a8d9-a02e-4fcb-9192-0241d374fd96.jpg?v=1763311578,themoontoys-the-monsters-exciting-macaron-vinyl-face-blind-box-7.jpg,,,PENDING
https://cdn.shopify.com/s/files/1/0793/9457/0452/files/20241014_112618_141601____the-monsters-angel-in-clouds-vinyl-face-doll-designer-figurines-pop-mart-us-1_____1200x1200_bae2271a-0f67-4ae0-a864-5a2167e161c9.jpg?v=1763311475,themoontoys-the-monsters-angel-in-clouds-vinyl-face-doll-1.jpg,,,PENDING
https://cdn.shopify.com/s/files/1/0793/9457/0452/files/20241014_112618_618883____the-monsters-angel-in-clouds-vinyl-face-doll-designer-figurines-pop-mart-us-2_____1200x1200_e5c0ca4a-d334-4132-b2dc-4843beadc3b2.jpg?v=1763311475,themoontoys-the-monsters-angel-in-clouds-vinyl-face-doll-2.jpg,,,PENDING
https://cdn.shopify.com/s/files/1/0793/9457/0452/files/20241014_112618_048289____the-monsters-angel-in-clouds-vinyl-face-doll-designer-figurines-pop-mart-us-scene-1_____1199x1200_e84e854d-1b7c-4461-bdbd-c19c502661fe.jpg?v=1763311475,themoontoys-the-monsters-angel-in-clouds-vinyl-face-doll-3.jpg,,,PENDING
https://cdn.shopify.com/s/files/1/0793/9457/0452/files/20241014_112618_163054____the-monsters-angel-in-clouds-vinyl-face-doll-designer-figurines-pop-mart-us-scene-3_____1199x1200_0c3c26bb-d790-413c-b891-dfea029e19bf.jpg?v=1763311475,themoontoys-the-monsters-angel-in-clouds-vinyl-face-doll-4.jpg,,,PENDING
https://cdn.shopify.com/s/files/1/0793/9457/0452/files/20241014_112618_534372____the-monsters-angel-in-clouds-vinyl-face-doll-designer-figurines-pop-mart-us-scene-2_____1199x1200_ae3367ec-e258-4586-837e-ff9f4c6d858e.jpg?v=1763311475,themoontoys-the-monsters-angel-in-clouds-vinyl-face-doll-5.jpg,,,PENDING
https://cdn.shopify.com/s/files/1/0793/9457/0452/files/20241014_112618_542244____the-monsters-angel-in-clouds-vinyl-face-doll-designer-figurines-pop-mart-us-scene-4_____1199x1200_6ad2db81-355d-4c72-a59e-c00325b56cc1.jpg?v=1763311475,themoontoys-the-monsters-angel-in-clouds-vinyl-face-doll-6.jpg,,,PENDING
https://cdn.shopify.com/s/files/1/0793/9457/0452/files/20250418_172540_542866____single-box_the-monsters-big-into-energy-series-vinyl-plush-pendant-blind-box_plush_details_popmart-us_____1200x1200_da5c6ee6-35d2-42f5-94f1-66ad2f72a9bd.jpg?v=1763311292,themoontoys-the-monsters-big-into-energy-series-vinyl-plush-pendant-blind-box-1.jpg,,,PENDING
https://cdn.shopify.com/s/files/1/0793/9457/0452/files/20250418_172540_429482____whole-set_the-monsters-big-into-energy-series-vinyl-plush-pendant-blind-box_plush_details_popmart-us_____1200x1200_268729c2-617b-4e0e-94f8-922be6713d12.jpg?v=1763311292,themoontoys-the-monsters-big-into-energy-series-vinyl-plush-pendant-blind-box-2.jpg,,,PENDING
https://cdn.shopify.com/s/files/1/0793/9457/0452/files/20250418_172540_320520____1_the-monsters-big-into-energy-series-vinyl-plush-pendant-blind-box_plush_details_popmart-us_____1200x1200_0caa955f-f7cf-4fe4-ba18-e123fd3a8990.jpg?v=1763311292,themoontoys-the-monsters-big-into-energy-series-vinyl-plush-pendant-blind-box-3.jpg,,,PENDING
https://cdn.shopify.com/s/files/1/0793/9457/0452/files/20250418_172540_305076____4_the-monsters-big-into-energy-series-vinyl-plush-pendant-blind-box_plush_details_popmart-us_____1200x1200_8aec537c-1c90-41e8-9b4c-92f2623149e9.jpg?v=1763311292,themoontoys-the-monsters-big-into-energy-series-vinyl-plush-pendant-blind-box-4.jpg,,,PENDING
https://cdn.shopify.com/s/files/1/0793/9457/0452/files/20250418_172540_064855____3_the-monsters-big-into-energy-series-vinyl-plush-pendant-blind-box_plush_details_popmart-us_____1200x1200_22dfcbac-71cf-402d-9f5f-26d4f6cb3b00.jpg?v=1763311292,themoontoys-the-monsters-big-into-energy-series-vinyl-plush-pendant-blind-box-5.jpg,,,PENDING
https://cdn.shopify.com/s/files/1/0793/9457/0452/files/20250418_172540_325108____2_the-monsters-big-into-energy-series-vinyl-plush-pendant-blind-box_plush_details_popmart-us_____1200x1200_73d971d7-2171-4e6f-9b2b-aed3762c4c6f.jpg?v=1763311292,themoontoys-the-monsters-big-into-energy-series-vinyl-plush-pendant-blind-box-6.jpg,,,PENDING
https://cdn.shopify.com/s/files/1/0793/9457/0452/files/20250418_172540_383569____scene_the-monsters-big-into-energy-series-vinyl-plush-pendant-blind-box_plush_details_popmart-us_____1200x1200_0dcec908-c6a7-44ff-b8d4-de9009f19346.jpg?v=1763311292,themoontoys-the-monsters-big-into-energy-series-vinyl-plush-pendant-blind-box-7.jpg,,,PENDING
https://cdn.shopify.com/s/files/1/0793/9457/0452/files/20250418_172540_561496____6_the-monsters-big-into-energy-series-vinyl-plush-pendant-blind-box_plush_details_popmart-us_____1200x1200_b3e5de66-4830-4121-afca-b6cfe542b888.jpg?v=1763311292,themoontoys-the-monsters-big-into-energy-series-vinyl-plush-pendant-blind-box-8.jpg,,,PENDING
https://cdn.shopify.com/s/files/1/0793/9457/0452/files/20250418_172540_568479____secret_the-monsters-big-into-energy-series-vinyl-plush-pendant-blind-box_plush_details_popmart-us_____1200x1200_d4364c17-d008-48f3-8fe6-7ceab2d40f32.jpg?v=1763311292,themoontoys-the-monsters-big-into-energy-series-vinyl-plush-pendant-blind-box-9.jpg,,,PENDING
https://cdn.shopify.com/s/files/1/0793/9457/0452/files/20250418_172540_626550____5_the-monsters-big-into-energy-series-vinyl-plush-pendant-blind-box_plush_details_popmart-us_____1200x1200_103809aa-e84c-4541-9934-c934a98b2404.jpg?v=1763311292,themoontoys-the-monsters-big-into-energy-series-vinyl-plush-pendant-blind-box-10.jpg,,,PENDING
https://cdn.shopify.com/s/files/1/0793/9457/0452/files/20240801_111752_082686____the-monsters-lazy-yoga-series-figures-blind-boxes-pop-mart-us-single-box_____1200x1200_6744dacc-e09c-49f0-9930-637d4e9ddb2b.jpg?v=1763311152,themoontoys-the-monsters-lazy-yoga-series-figures-1.jpg,,,PENDING
https://cdn.shopify.com/s/files/1/0793/9457/0452/files/20240801_111752_508415____the-monsters-lazy-yoga-series-figures-blind-boxes-pop-mart-us-whole-set_____1200x1200_f92757e1-2632-4ce5-86c2-256a75e19a9a.jpg?v=1763311152,themoontoys-the-monsters-lazy-yoga-series-figures-2.jpg,,,PENDING
https://cdn.shopify.com/s/files/1/0793/9457/0452/files/20240801_111752_972104____the-monsters-lazy-yoga-series-figures-blind-boxes-pop-mart-us-1_____1200x1200_0833b56c-7459-4468-b15b-2c28fb917061.jpg?v=1763311152,themoontoys-the-monsters-lazy-yoga-series-figures-3.jpg,,,PENDING
https://cdn.shopify.com/s/files/1/0793/9457/0452/files/20240801_111752_445289____the-monsters-lazy-yoga-series-figures-blind-boxes-pop-mart-us-5_____1200x1200_04dc0f20-726f-474f-84ac-7d1893c4e456.jpg?v=1763311152,themoontoys-the-monsters-lazy-yoga-series-figures-4.jpg,,,PENDING
https://cdn.shopify.com/s/files/1/0793/9457/0452/files/20240801_111752_109132____the-monsters-lazy-yoga-series-figures-blind-boxes-pop-mart-us-7_____1200x1200_b154d99c-3f80-44f7-a7ce-05a37b64e30e.jpg?v=1763311152,themoontoys-the-monsters-lazy-yoga-series-figures-5.jpg,,,PENDING
https://cdn.shopify.com/s/files/1/0793/9457/0452/files/20240801_111752_209666____the-monsters-lazy-yoga-series-figures-blind-boxes-pop-mart-us-2_____1200x1200_db3ac81b-ae5b-4476-a4db-ac42b6d853f1.jpg?v=1763311152,themoontoys-the-monsters-lazy-yoga-series-figures-6.jpg,,,PENDING
https://cdn.shopify.com/s/files/1/0793/9457/0452/files/20240801_111752_431517____the-monsters-lazy-yoga-series-figures-blind-boxes-pop-mart-us-8_____1200x1200_5c413508-a51d-4cc8-9b91-eb89e3e0f406.jpg?v=1763311152,themoontoys-the-monsters-lazy-yoga-series-figures-7.jpg,,,PENDING
https://cdn.shopify.com/s/files/1/0793/9457/0452/files/20240801_111752_697787____the-monsters-lazy-yoga-series-figures-blind-boxes-pop-mart-us-9_____1200x1200_f44fa8b0-f949-4ce1-8142-78e445d246ac.jpg?v=1763311152,themoontoys-the-monsters-lazy-yoga-series-figures-8.jpg,,,PENDING
https://cdn.shopify.com/s/files/1/0793/9457/0452/files/20240801_111752_609887____the-monsters-lazy-yoga-series-figures-blind-boxes-pop-mart-us-3_____1200x1200_5a04b1e2-fde1-4be5-b546-297dd21a46c3.jpg?v=1763311152,themoontoys-the-monsters-lazy-yoga-series-figures-9.jpg,,,PENDING
https://cdn.shopify.com/s/files/1/0793/9457/0452/files/20240801_111752_552595____the-monsters-lazy-yoga-series-figures-blind-boxes-pop-mart-us-10_____1200x1200_7ccff145-e0be-4f3b-aa13-eac1127ecda1.jpg?v=1763311152,themoontoys-the-monsters-lazy-yoga-series-figures-10.jpg,,,PENDING
https://cdn.shopify.com/s/files/1/0793/9457/0452/files/20240801_111752_917320____the-monsters-lazy-yoga-series-figures-blind-boxes-pop-mart-us-6_____1200x1200_f7b53f5d-8fb9-404b-b14a-ffb5339e82c5.jpg?v=1763311152,themoontoys-the-monsters-lazy-yoga-series-figures-11.jpg,,,PENDING
https://cdn.shopify.com/s/files/1/0793/9457/0452/files/20240801_111752_227474____the-monsters-lazy-yoga-series-figures-blind-boxes-pop-mart-us-secret_____1200x1200_739b3982-656b-404a-9b56-a639061ef5d4.jpg?v=1763311152,themoontoys-the-monsters-lazy-yoga-series-figures-12.jpg,,,PENDING
https://cdn.shopify.com/s/files/1/0793/9457/0452/files/20250123_123839_285879____1_the-monsters-let-s-checkmate-series-vinyl-plush-doll_plush_details_popmart-us_____1200x1200_b633ee75-10b7-4e0e-9daf-40d1f3c991df.jpg?v=1763311066,themoontoys-the-monsters-lets-checkmate-series-vinyl-plush-doll-1.jpg,,,PENDING
https://cdn.shopify.com/s/files/1/0793/9457/0452/files/20250123_123839_655362____2_the-monsters-let-s-checkmate-series-vinyl-plush-doll_plush_details_popmart-us_____1200x1200_6b18ea57-b9fb-4367-a11a-34ea1dc75b31.jpg?v=1763311066,themoontoys-the-monsters-lets-checkmate-series-vinyl-plush-doll-2.jpg,,,PENDING
https://cdn.shopify.com/s/files/1/0793/9457/0452/files/20250123_123839_020488____scene2_the-monsters-let-s-checkmate-series-vinyl-plush-doll_plush_details_popmart-us_____1200x1200_5b38b50a-4a6b-45de-93b1-ff745e8bf371.jpg?v=1763311066,themoontoys-the-monsters-lets-checkmate-series-vinyl-plush-doll-3.jpg,,,PENDING
https://cdn.shopify.com/s/files/1/0793/9457/0452/files/20250123_123839_702145____scene1_the-monsters-let-s-checkmate-series-vinyl-plush-doll_plush_details_popmart-us_____1200x1200_751d089e-743f-4202-a32b-5a441f73d671.jpg?v=1763311066,themoontoys-the-monsters-lets-checkmate-series-vinyl-plush-doll-4.jpg,,,PENDING
https://cdn.shopify.com/s/files/1/0793/9457/0452/files/20250123_123839_736086____scene3_the-monsters-let-s-checkmate-series-vinyl-plush-doll_plush_details_popmart-us_____1200x1200_7b7b4935-41bf-45a5-8d65-8f3a593ec227.jpg?v=1763311066,themoontoys-the-monsters-lets-checkmate-series-vinyl-plush-doll-5.jpg,,,PENDING
https://cdn.shopify.com/s/files/1/0793/9457/0452/files/20240408_161325_683029__1200x1200_4e121a18-fde3-4303-ba88-5a8624a01008.jpg?v=1763311014,themoontoys-the-monsters-fall-in-wild-series-vinyl-plush-doll-1.jpg,,,PENDING
https://cdn.shopify.com/s/files/1/0793/9457/0452/files/20240408_161327_778318__1200x1200_0ab6b89d-686e-4fda-a928-d45df1ad217a.jpg?v=1763311014,themoontoys-the-monsters-fall-in-wild-series-vinyl-plush-doll-2.jpg,,,PENDING
https://cdn.shopify.com/s/files/1/0793/9457/0452/files/20240408_161330_023654__1200x1200_8b68cdb2-e360-4f09-a73f-142efc7a9709.jpg?v=1763311014,themoontoys-the-monsters-fall-in-wild-series-vinyl-plush-doll-3.jpg,,,PENDING
https://cdn.shopify.com/s/files/1/0793/9457/0452/files/20250123_121659_398103____1_the-monsters-let-s-checkmate-series-vinyl-plush-hanging-card_plush_details_popmart-us_____1200x1200_df31da97-7d3e-4ae5-a542-8c3f732d1415.jpg?v=1763310966,themoontoys-the-monsters-lets-checkmate-series-vinyl-plush-hanging-card-1.jpg,,,PENDING
https://cdn.shopify.com/s/files/1/0793/9457/0452/files/20250123_121659_844986____2_the-monsters-let-s-checkmate-series-vinyl-plush-hanging-card_plush_details_popmart-us_____1200x1200_282e6977-1d94-46f5-97c9-dbe2482a46ac.jpg?v=1763310966,themoontoys-the-monsters-lets-checkmate-series-vinyl-plush-hanging-card-2.jpg,,,PENDING
https://cdn.shopify.com/s/files/1/0793/9457/0452/files/20250123_121659_822261____3_the-monsters-let-s-checkmate-series-vinyl-plush-hanging-card_plush_details_popmart-us_____1200x1200_bed65215-81a9-4d75-a8e5-ecbb11bfb64a.jpg?v=1763310966,themoontoys-the-monsters-lets-checkmate-series-vinyl-plush-hanging-card-3.jpg,,,PENDING
https://cdn.shopify.com/s/files/1/0793/9457/0452/files/20250123_121659_030978____scene1_the-monsters-let-s-checkmate-series-vinyl-plush-hanging-card_plush_details_popmart-us_____1200x1200_a89da963-7766-457c-941e-12328f7a7e87.jpg?v=1763310966,themoontoys-the-monsters-lets-checkmate-series-vinyl-plush-hanging-card-4.jpg,,,PENDING
https://cdn.shopify.com/s/files/1/0793/9457/0452/files/20250123_121659_380933____scene2_the-monsters-let-s-checkmate-series-vinyl-plush-hanging-card_plush_details_popmart-us_____1200x1200_2ca5945e-08bd-4575-abdd-1ee8fdd5b3df.jpg?v=1763310966,themoontoys-the-monsters-lets-checkmate-series-vinyl-plush-hanging-card-5.jpg,,,PENDING
https://cdn.shopify.com/s/files/1/0793/9457/0452/files/20240408_161645_829152__1200x1200_064aefd6-8274-46f5-ad09-102f3a154f7b.jpg?v=1763310915,themoontoys-the-monsters-fall-in-wild-series-vinyl-plush-doll-pendant-1.jpg,,,PENDING
https://cdn.shopify.com/s/files/1/0793/9457/0452/files/20240408_161647_714945__1200x1200_178c55d2-80fb-4f0e-bd7a-7b194f7aab1c.jpg?v=1763310915,themoontoys-the-monsters-fall-in-wild-series-vinyl-plush-doll-pendant-2.jpg,,,PENDING
https://cdn.shopify.com/s/files/1/0793/9457/0452/files/20240408_161650_299803__1200x1200_0fe0fc85-35b5-4584-a88a-f1bb501622d7.jpg?v=1763310915,themoontoys-the-monsters-fall-in-wild-series-vinyl-plush-doll-pendant-3.jpg,,,PENDING
https://cdn.shopify.com/s/files/1/0793/9457/0452/files/20250928_170440_486432____single-box_why-so-serious-series-vinyl-plush-pendant-blind-box_plush-toys_details_pop-mart-us_____1200x1200_1.jpg?v=1763310816,themoontoys-why-so-serious-series-vinyl-plush-pendant-blind-box-1.jpg,,,PENDING
https://cdn.shopify.com/s/files/1/0793/9457/0452/files/20250928_170440_864375____whole-sets_why-so-serious-series-vinyl-plush-pendant-blind-box_plush-toys_details_pop-mart-us_____1200x1200_1.jpg?v=1763310817,themoontoys-why-so-serious-series-vinyl-plush-pendant-blind-box-2.jpg,,,PENDING
https://cdn.shopify.com/s/files/1/0793/9457/0452/files/20250928_170436_309269____1_why-so-serious-series-vinyl-plush-pendant-blind-box_plush-toys_details_pop-mart-us_____1200x1200_1.jpg?v=1763310817,themoontoys-why-so-serious-series-vinyl-plush-pendant-blind-box-3.jpg,,,PENDING
https://cdn.shopify.com/s/files/1/0793/9457/0452/files/20250928_170436_295142____4_why-so-serious-series-vinyl-plush-pendant-blind-box_plush-toys_details_pop-mart-us_____1200x1200_7d9fbcfc-59b4-4ce7-933e-6190ac64013c.jpg?v=1763310816,themoontoys-why-so-serious-series-vinyl-plush-pendant-blind-box-4.jpg,,,PENDING
https://cdn.shopify.com/s/files/1/0793/9457/0452/files/20250928_170436_386038____6_why-so-serious-series-vinyl-plush-pendant-blind-box_plush-toys_details_pop-mart-us_____1200x1200_1.jpg?v=1763310817,themoontoys-why-so-serious-series-vinyl-plush-pendant-blind-box-5.jpg,,,PENDING
https://cdn.shopify.com/s/files/1/0793/9457/0452/files/20250928_170436_420011____2_why-so-serious-series-vinyl-plush-pendant-blind-box_plush-toys_details_pop-mart-us_____1200x1200_1.jpg?v=1763310816,themoontoys-why-so-serious-series-vinyl-plush-pendant-blind-box-6.jpg,,,PENDING
https://cdn.shopify.com/s/files/1/0793/9457/0452/files/20250928_170436_854504____5_why-so-serious-series-vinyl-plush-pendant-blind-box_plush-toys_details_pop-mart-us_____1200x1200_ac4ec28e-5e1c-4241-8b08-8ca21b74ca2c.jpg?v=1763310817,themoontoys-why-so-serious-series-vinyl-plush-pendant-blind-box-7.jpg,,,PENDING
https://cdn.shopify.com/s/files/1/0793/9457/0452/files/20250928_170436_838281____3_why-so-serious-series-vinyl-plush-pendant-blind-box_plush-toys_details_pop-mart-us_____1200x1200_1.jpg?v=1763310816,themoontoys-why-so-serious-series-vinyl-plush-pendant-blind-box-8.jpg,,,PENDING
https://cdn.shopify.com/s/files/1/0793/9457/0452/files/20250928_170436_598156____secret_why-so-serious-series-vinyl-plush-pendant-blind-box_plush-toys_details_pop-mart-us_____1200x1200_1.jpg?v=1763310817,themoontoys-why-so-serious-series-vinyl-plush-pendant-blind-box-9.jpg,,,PENDING
https://cdn.shopify.com/s/files/1/0793/9457/0452/files/20250928_170436_058555____super-secret__why-so-serious-series-vinyl-plush-pendant-blind-box_plush-toys_details_pop-mart-us_____1200x1200_1.jpg?v=1763310816,themoontoys-why-so-serious-series-vinyl-plush-pendant-blind-box-10.jpg,,,PENDING
https://cdn.shopify.com/s/files/1/0793/9457/0452/files/20250107_162203_284458____single-box_the-monsters-coca-cola-series-vinyl-face-blind-box_accessories_details_popmart-us_____1200x1200_ff1b51dd-684b-40ea-9a8a-b1f59639d2e7.jpg?v=1763310673,themoontoys-the-monsters-coca-cola-series-vinyl-face-blind-box-1.jpg,,,PENDING
https://cdn.shopify.com/s/files/1/0793/9457/0452/files/20250107_162203_606786____whole-set_the-monsters-coca-cola-series-vinyl-face-blind-box_accessories_details_popmart-us_____1200x1200_79234df3-e52d-41c4-a520-17a7d654fbe2.jpg?v=1763310673,themoontoys-the-monsters-coca-cola-series-vinyl-face-blind-box-2.jpg,,,PENDING
https://cdn.shopify.com/s/files/1/0793/9457/0452/files/20250107_162203_821182____2_the-monsters-coca-cola-series-vinyl-face-blind-box_accessories_details_popmart-us_____1200x1200_ef54fcdd-8e17-44db-9f02-695f3bad5948.jpg?v=1763310673,themoontoys-the-monsters-coca-cola-series-vinyl-face-blind-box-3.jpg,,,PENDING
https://cdn.shopify.com/s/files/1/0793/9457/0452/files/20250107_162203_485765____1_the-monsters-coca-cola-series-vinyl-face-blind-box_accessories_details_popmart-us_____1200x1200_dfc03a5f-5101-47e0-8078-371ce783987a.jpg?v=1763310673,themoontoys-the-monsters-coca-cola-series-vinyl-face-blind-box-4.jpg,,,PENDING
https://cdn.shopify.com/s/files/1/0793/9457/0452/files/20250107_162203_107555____secret_the-monsters-coca-cola-series-vinyl-face-blind-box_accessories_details_popmart-us_____1200x1200_35b93dec-f35c-466e-8ebf-6078b3cf85ad.jpg?v=1763310673,themoontoys-the-monsters-coca-cola-series-vinyl-face-blind-box-5.jpg,,,PENDING
https://cdn.shopify.com/s/files/1/0793/9457/0452/files/20250107_162203_278611____scene_the-monsters-coca-cola-series-vinyl-face-blind-box_accessories_details_popmart-us_____1200x1200_0c076ca7-135a-4eb6-9332-7143b8fc689c.jpg?v=1763310673,themoontoys-the-monsters-coca-cola-series-vinyl-face-blind-box-6.jpg,,,PENDING
https://cdn.shopify.com/s/files/1/0793/9457/0452/files/20240925_114512_475511____1_____1200x1200_bc3b8627-16a6-4c2d-bb79-b7bf18c9d0cb.jpg?v=1763310568,themoontoys-labubu-pronounce-wings-of-fortune-vinyl-plush-hanging-card-1.jpg,,,PENDING
https://cdn.shopify.com/s/files/1/0793/9457/0452/files/20240925_114512_864499____2_____1200x1200_dd68d1cd-2179-43db-b11a-b781fd50bf27.jpg?v=1763310568,themoontoys-labubu-pronounce-wings-of-fortune-vinyl-plush-hanging-card-2.jpg,,,PENDING
https://cdn.shopify.com/s/files/1/0793/9457/0452/files/20240925_114512_180981____3_____1200x1200_0d3293d2-4889-4f0f-b227-a97db9cfaf6e.jpg?v=1763310568,themoontoys-labubu-pronounce-wings-of-fortune-vinyl-plush-hanging-card-3.jpg,,,PENDING
https://cdn.shopify.com/s/files/1/0793/9457/0452/files/20240925_114512_204880____4_____1200x1200_b9701378-0d62-48fc-a01a-936fe80ad718.jpg?v=1763310568,themoontoys-labubu-pronounce-wings-of-fortune-vinyl-plush-hanging-card-4.jpg,,,PENDING
https://cdn.shopify.com/s/files/1/0793/9457/0452/files/20240925_114512_274524____scene_1_____1200x1200_c81260da-a390-492d-99a0-1d7c8730873c.jpg?v=1763310568,themoontoys-labubu-pronounce-wings-of-fortune-vinyl-plush-hanging-card-5.jpg,,,PENDING
https://cdn.shopify.com/s/files/1/0793/9457/0452/files/20240925_114512_294210____scene_3_____1200x1200_db7c288d-91c8-4120-bafe-d08d1f879bca.jpg?v=1763310568,themoontoys-labubu-pronounce-wings-of-fortune-vinyl-plush-hanging-card-6.jpg,,,PENDING
https://cdn.shopify.com/s/files/1/0793/9457/0452/files/20240925_114512_542160____scene_2_____1200x1200_40a4d553-d01a-49de-b7df-13d20c96942e.jpg?v=1763310568,themoontoys-labubu-pronounce-wings-of-fortune-vinyl-plush-hanging-card-7.jpg,,,PENDING
https://cdn.shopify.com/s/files/1/0793/9457/0452/files/20250822_171130_254349____1_them-1_____1200x1200_8c4be748-d8a3-400f-885f-a4f5ef776677.jpg?v=1763310459,themoontoys-the-monsters-big-into-energy-series-rock-the-universe-vinyl-plush-doll-1.jpg,,,PENDING
https://cdn.shopify.com/s/files/1/0793/9457/0452/files/20250822_171130_014183____3_them-1_____1200x1200_7a77265d-21b9-4e2d-adf2-2e4d30838164.jpg?v=1763310459,themoontoys-the-monsters-big-into-energy-series-rock-the-universe-vinyl-plush-doll-2.jpg,,,PENDING
https://cdn.shopify.com/s/files/1/0793/9457/0452/files/20250822_171130_207831____5_them-1_____1200x1200_b9b8995c-2d76-46b6-985d-221d490b2f14.jpg?v=1763310459,themoontoys-the-monsters-big-into-energy-series-rock-the-universe-vinyl-plush-doll-3.jpg,,,PENDING
https://cdn.shopify.com/s/files/1/0793/9457/0452/files/20250822_171130_826682____scene_-1_____1200x1200_5a77d460-87ff-4a21-a6be-91de61161772.jpg?v=1763310459,themoontoys-the-monsters-big-into-energy-series-rock-the-universe-vinyl-plush-doll-4.jpg,,,PENDING
https://cdn.shopify.com/s/files/1/0793/9457/0452/files/20250822_171130_836231____4_them-1_____1200x1200_eb90901d-6413-4160-8c5f-dcf5ac2b00d2.jpg?v=1763310459,themoontoys-the-monsters-big-into-energy-series-rock-the-universe-vinyl-plush-doll-5.jpg,,,PENDING
