Handle,Title,Body (HTML),Vendor,Product Category,Type,Tags,Published,Option1 Name,Option1 Value,Option1 Linked To,Option2 Name,Option2 Value,Option2 Linked To,Option3 Name,Option3 Value,Option3 Linked To,Variant SKU,Variant Grams,Variant Inventory Tracker,Variant Inventory Qty,Variant Inventory Policy,Variant Fulfillment Service,Variant Price,Variant Compare At Price,Variant Requires Shipping,Variant Taxable,Unit Price Total Measure,Unit Price Total Measure Unit,Unit Price Base Measure,Unit Price Base Measure Unit,Variant Barcode,Image Src,Image Position,Image Alt Text,Gift Card,SEO Title,SEO Description,Google: Custom Product (product.metafields.mm-google-shopping.custom_product),Variant Image,Variant Weight Unit,Variant Tax Code,Cost per item,Status
the-monsters-pin-for-love-series-vinyl-plush-pendant-blind-box-n-z,THE MONSTERS Pin for Love Series-Vinyl Plush Pendant Blind Box (N-Z),"<p>Spell it out in mischief. The <strong>Pin for Love</strong> pendants (N–Z) turn the alphabet into a pocket-sized cast of THE MONSTERS, each letter reimagined as its own toothy little character ready to clip onto a bag, keyring or jacket.</p><ul><li>Soft vinyl face paired with a plush body</li><li>Built-in clasp for bags, keys and lanyards</li><li>Blind box — your letter is a surprise until you open it</li><li>Letters N through Z in this assortment</li></ul><p>Collect your initials, your crew, or chase the full word.</p>",The Moon Toys,"Toys & Games > Toys > Dolls, Playsets & Toy Figures > Stuffed Animals",,,true,Size,Single Box,,,,,,,,,0.0,shopify,9991,deny,manual,30.00,,true,true,,,,,,https://cdn.shopify.com/s/files/1/0793/9457/0452/files/20250822_172815_954284____single-1_____1200x1200_86f0d8f3-6ee9-45ab-a331-ec474d57df7a.jpg?v=1763312433,1,THE MONSTERS Pin for Love Series-Vinyl Plush Pendant Blind Box (N-Z) | The Moon Toys,false,THE MONSTERS Pin for Love Series | The Moon Toys,"Pin for Love (N–Z) THE MONSTERS plush pendant blind box. Clip-on vinyl charms, mystery letter inside. Shop The Moon Toys.",,https://cdn.shopify.com/s/files/1/0793/9457/0452/files/20250822_172815_954284____single-1_____1200x1200_86f0d8f3-6ee9-45ab-a331-ec474d57df7a.jpg?v=1763312433,kg,,,active
the-monsters-pin-for-love-series-vinyl-plush-pendant-blind-box-n-z,,,The Moon Toys,,,,,,Whole Set,,,,,,,,,0.0,shopify,9999,deny,manual,280.00,350.00,true,true,,,,,,https://cdn.shopify.com/s/files/1/0793/9457/0452/files/20250822_172815_929922____wholes-1_____1200x1200_926cc2dd-7bb1-4cab-af6b-959fb29b326e.jpg?v=1763312433,2,THE MONSTERS Pin for Love Series-Vinyl Plush Pendant Blind Box (N-Z) – view 2 | The Moon Toys,,,,,https://cdn.shopify.com/s/files/1/0793/9457/0452/files/20250822_172815_929922____wholes-1_____1200x1200_926cc2dd-7bb1-4cab-af6b-959fb29b326e.jpg?v=1763312433,kg,,,
the-monsters-pin-for-love-series-vinyl-plush-pendant-blind-box-n-z,,,The Moon Toys,,,,,,,,,,,,,,,,,,,,,,,,,,,,,https://cdn.shopify.com/s/files/1/0793/9457/0452/files/20250822_172815_929753____1_them-1_____1200x1200_51a055c9-c258-4825-9f18-3b17d80abb3a.jpg?v=1763312433,3,THE MONSTERS Pin for Love Series-Vinyl Plush Pendant Blind Box (N-Z) – view 3 | The Moon Toys,,,,,,,,,
the-monsters-pin-for-love-series-vinyl-plush-pendant-blind-box-n-z,,,The Moon Toys,,,,,,,,,,,,,,,,,,,,,,,,,,,,,https://cdn.shopify.com/s/files/1/0793/9457/0452/files/20250822_172815_185312____scene_-1_____1200x1200_ab7d5c26-2e06-4fc4-80ba-02d86962d09f.jpg?v=1763312433,4,THE MONSTERS Pin for Love Series-Vinyl Plush Pendant Blind Box (N-Z) – view 4 | The Moon Toys,,,,,,,,,
the-monsters-pin-for-love-series-vinyl-plush-pendant-blind-box-n-z,,,The Moon Toys,,,,,,,,,,,,,,,,,,,,,,,,,,,,,https://cdn.shopify.com/s/files/1/0793/9457/0452/files/20250822_172815_738271____2_them-1_____1200x1200_83854c03-db35-41f9-a81c-907f0470fad3.jpg?v=1763312433,5,THE MONSTERS Pin for Love Series-Vinyl Plush Pendant Blind Box (N-Z) – view 5 | The Moon Toys,,,,,,,,,
the-monsters-pin-for-love-series-vinyl-plush-pendant-blind-box-n-z,,,The Moon Toys,,,,,,,,,,,,,,,,,,,,,,,,,,,,,https://cdn.shopify.com/s/files/1/0793/9457/0452/files/20250822_172815_827654____3_them-1_____1200x1200_f9dc3145-64cd-4de6-b906-a8cd36595c28.jpg?v=1763312433,6,THE MONSTERS Pin for Love Series-Vinyl Plush Pendant Blind Box (N-Z) – view 6 | The Moon Toys,,,,,,,,,
the-monsters-catch-me-if-you-like-me-series-vinyl-doll-gift-box,THE MONSTERS Catch Me If You Like Me Series-Vinyl Doll Gift Box,"<p>A little flirty, a lot collectible. <strong>Catch Me If You Like Me</strong> arrives as a display-ready vinyl doll in a presentation gift box — the kind of piece that anchors a shelf rather than hides in a drawer.</p><ul><li>Sculpted vinyl figure with signature grin and detailed finish</li><li>Premium gift box, ideal for gifting or pristine display</li><li>Statement size for collectors of the series</li></ul><p>One to keep boxed, or one to set free on the shelf — your call.</p>",The Moon Toys,"Toys & Games > Toys > Dolls, Playsets & Toy Figures > Dolls",,,true,Title,Default Title,,,,,,,,,0.0,shopify,9995,deny,manual,99.99,,true,true,,,,,,https://cdn.shopify.com/s/files/1/0793/9457/0452/files/20240111_092846_135210__1200x1200_705bcd89-825c-46f6-b8fb-9930b5ccaf1b.jpg?v=1763312325,1,THE MONSTERS Catch Me If You Like Me Series-Vinyl Doll Gift Box | The Moon Toys,false,THE MONSTERS Catch Me If You Like Me Series | The Moon Toys,Catch Me If You Like Me vinyl doll in a premium gift box. Display-ready THE MONSTERS collectible at The Moon Toys.,,,kg,,,active
the-monsters-catch-me-if-you-like-me-series-vinyl-doll-gift-box,,,The Moon Toys,,,,,,,,,,,,,,,,,,,,,,,,,,,,,https://cdn.shopify.com/s/files/1/0793/9457/0452/files/20240111_092846_913577__1200x1200_21c0fde7-4a02-4a48-99c8-d19b9bd99205.jpg?v=1763312325,2,THE MONSTERS Catch Me If You Like Me Series-Vinyl Doll Gift Box – view 2 | The Moon Toys,,,,,,,,,
the-monsters-catch-me-if-you-like-me-series-vinyl-doll-gift-box,,,The Moon Toys,,,,,,,,,,,,,,,,,,,,,,,,,,,,,https://cdn.shopify.com/s/files/1/0793/9457/0452/files/20240112_105501_114302__1200x1200_e9f08f71-87c0-463c-9e2b-b480f475ad2d.jpg?v=1763312325,3,THE MONSTERS Catch Me If You Like Me Series-Vinyl Doll Gift Box – view 3 | The Moon Toys,,,,,,,,,
the-monsters-catch-me-if-you-like-me-series-vinyl-doll-gift-box,,,The Moon Toys,,,,,,,,,,,,,,,,,,,,,,,,,,,,,https://cdn.shopify.com/s/files/1/0793/9457/0452/files/20240112_105501_587265__1200x1200_106a53e4-a9e3-4e10-88a9-36d01a2d5893.jpg?v=1763312325,4,THE MONSTERS Catch Me If You Like Me Series-Vinyl Doll Gift Box – view 4 | The Moon Toys,,,,,,,,,
the-monsters-catch-me-if-you-like-me-series-vinyl-doll-gift-box,,,The Moon Toys,,,,,,,,,,,,,,,,,,,,,,,,,,,,,https://cdn.shopify.com/s/files/1/0793/9457/0452/files/20240112_105501_748337__1200x1200_1d85b08d-3ead-4301-9c72-c83cab5aa4f9.jpg?v=1763312325,5,THE MONSTERS Catch Me If You Like Me Series-Vinyl Doll Gift Box – view 5 | The Moon Toys,,,,,,,,,
the-monsters-flip-with-me-vinyl-plush-doll,THE MONSTERS - FLIP WITH ME Vinyl Plush Doll,"<p><strong>Flip With Me</strong> catches THE MONSTERS mid-tumble, all playful energy and that unmistakable cheeky expression. A plush-bodied vinyl doll built to be hugged as much as displayed.</p><ul><li>Vinyl face with a huggable plush body</li><li>Poseable, shelf-friendly silhouette</li><li>Crisp paintwork true to the series art</li></ul><p>A standout for fans who like their figures with a sense of movement.</p>",The Moon Toys,"Toys & Games > Toys > Dolls, Playsets & Toy Figures > Dolls",,,true,Title,Default Title,,,,,,,,,0.0,shopify,9999,deny,manual,99.99,,true,true,,,,,,https://cdn.shopify.com/s/files/1/0793/9457/0452/files/20240703_182402_236712____the-monsters-flip-with-me-vinyl-plush-doll-plush-toys-pop-mart-us-1_____1200x1200_39f25fe5-b0b6-4925-b36f-8d5d270c9365.jpg?v=1763312264,1,THE MONSTERS - FLIP WITH ME Vinyl Plush Doll | The Moon Toys,false,THE MONSTERS - FLIP WITH ME Vinyl Plush Doll | The Moon Toys,"Flip With Me THE MONSTERS plush doll. Vinyl face, huggable body, mid-tumble pose. Collectible drop at The Moon Toys.",,,kg,,,active
the-monsters-flip-with-me-vinyl-plush-doll,,,The Moon Toys,,,,,,,,,,,,,,,,,,,,,,,,,,,,,https://cdn.shopify.com/s/files/1/0793/9457/0452/files/20240703_182402_473533____the-monsters-flip-with-me-vinyl-plush-doll-plush-toys-pop-mart-us-scene_4_____1200x1200_672b2c93-3116-4388-a61e-71ff33d182d2.jpg?v=1763312261,2,THE MONSTERS - FLIP WITH ME Vinyl Plush Doll – view 2 | The Moon Toys,,,,,,,,,
the-monsters-flip-with-me-vinyl-plush-doll,,,The Moon Toys,,,,,,,,,,,,,,,,,,,,,,,,,,,,,https://cdn.shopify.com/s/files/1/0793/9457/0452/files/20240703_182402_769586____the-monsters-flip-with-me-vinyl-plush-doll-plush-toys-pop-mart-us-scene_3_____1200x1200_bb496742-c595-46a7-9a85-334aac53450d.jpg?v=1763312261,3,THE MONSTERS - FLIP WITH ME Vinyl Plush Doll – view 3 | The Moon Toys,,,,,,,,,
the-monsters-flip-with-me-vinyl-plush-doll,,,The Moon Toys,,,,,,,,,,,,,,,,,,,,,,,,,,,,,https://cdn.shopify.com/s/files/1/0793/9457/0452/files/20240703_182402_830824____the-monsters-flip-with-me-vinyl-plush-doll-plush-toys-pop-mart-us-scene_1_____1200x1200_1a33731f-04a1-41af-a4a0-8619d1412e50.jpg?v=1763312261,4,THE MONSTERS - FLIP WITH ME Vinyl Plush Doll – view 4 | The Moon Toys,,,,,,,,,
the-monsters-flip-with-me-vinyl-plush-doll,,,The Moon Toys,,,,,,,,,,,,,,,,,,,,,,,,,,,,,https://cdn.shopify.com/s/files/1/0793/9457/0452/files/20240703_182402_956934____the-monsters-flip-with-me-vinyl-plush-doll-plush-toys-pop-mart-us-scene_2_____1200x1200_70c99da4-77cc-4a0e-b1b0-4d261000ef50.jpg?v=1763312261,5,THE MONSTERS - FLIP WITH ME Vinyl Plush Doll – view 5 | The Moon Toys,,,,,,,,,
the-mosnters-time-to-chill-vinyl-plush-doll,THE MONSTERS - Time to chill-Vinyl Plush Doll,"<p>Permission to do absolutely nothing. <strong>Time to Chill</strong> is THE MONSTERS in full relaxation mode — laid-back posture, soft plush body and a face that says the to-do list can wait.</p><ul><li>Vinyl face with plush, cuddle-ready body</li><li>Relaxed sculpt that sits or slouches naturally</li><li>Faithful colors and detailing from the series</li></ul><p>The easygoing addition every collection needs.</p>",The Moon Toys,"Toys & Games > Toys > Dolls, Playsets & Toy Figures > Dolls",,,true,Title,Default Title,,,,,,,,,0.0,shopify,9996,deny,manual,82.00,,true,true,,,,,,https://cdn.shopify.com/s/files/1/0793/9457/0452/files/20250724_180946_664834____labubu-time-to-chill_____1200x1200_d9efbb62-bbde-4a00-a71b-6f3bff923dad.jpg?v=1763312205,1,THE MONSTERS - Time to chill-Vinyl Plush Doll | The Moon Toys,false,THE MONSTERS - Time to chill | The Moon Toys,Time to Chill THE MONSTERS plush doll. Laid-back vinyl-face collectible with a soft body. Shop The Moon Toys.,,,kg,,,active
the-mosnters-time-to-chill-vinyl-plush-doll,,,The Moon Toys,,,,,,,,,,,,,,,,,,,,,,,,,,,,,https://cdn.shopify.com/s/files/1/0793/9457/0452/files/20250724_180957_370155____6_labubu-time-to-chill-vinyl-plush-doll_plush-toys_details_popmart-us_____1200x1200_6660d364-7b28-4bdf-b6f0-e6774061f965.jpg?v=1763312205,2,THE MONSTERS - Time to chill-Vinyl Plush Doll – view 2 | The Moon Toys,,,,,,,,,
the-mosnters-time-to-chill-vinyl-plush-doll,,,The Moon Toys,,,,,,,,,,,,,,,,,,,,,,,,,,,,,https://cdn.shopify.com/s/files/1/0793/9457/0452/files/20250724_180957_377334____5_labubu-time-to-chill-vinyl-plush-doll_plush-toys_details_popmart-us_____1200x1200_7ac7cbd3-29f1-4830-8dd1-a221a3531022.jpg?v=1763312205,3,THE MONSTERS - Time to chill-Vinyl Plush Doll – view 3 | The Moon Toys,,,,,,,,,
the-mosnters-time-to-chill-vinyl-plush-doll,,,The Moon Toys,,,,,,,,,,,,,,,,,,,,,,,,,,,,,https://cdn.shopify.com/s/files/1/0793/9457/0452/files/20250724_180957_593092____2_labubu-time-to-chill-vinyl-plush-doll_plush-toys_details_popmart-us_____1200x1200_7ac0e679-ad84-4b69-b116-4ec08a1ebcac.jpg?v=1763312205,4,THE MONSTERS - Time to chill-Vinyl Plush Doll – view 4 | The Moon Toys,,,,,,,,,
the-mosnters-time-to-chill-vinyl-plush-doll,,,The Moon Toys,,,,,,,,,,,,,,,,,,,,,,,,,,,,,https://cdn.shopify.com/s/files/1/0793/9457/0452/files/20250724_180957_656707____3_labubu-time-to-chill-vinyl-plush-doll_plush-toys_details_popmart-us_____1200x1200_95f20391-9e3e-48a9-8bb5-7b00f2e74e1b.jpg?v=1763312205,5,THE MONSTERS - Time to chill-Vinyl Plush Doll – view 5 | The Moon Toys,,,,,,,,,
the-mosnters-time-to-chill-vinyl-plush-doll,,,The Moon Toys,,,,,,,,,,,,,,,,,,,,,,,,,,,,,https://cdn.shopify.com/s/files/1/0793/9457/0452/files/20250724_180957_975496____4_labubu-time-to-chill-vinyl-plush-doll_plush-toys_details_popmart-us_____1200x1200_76ef2f50-23a4-4c5c-a64c-c455a59a1c87.jpg?v=1763312205,6,THE MONSTERS - Time to chill-Vinyl Plush Doll – view 6 | The Moon Toys,,,,,,,,,
the-monsters-have-a-seat-vinyl-plush-blind-box,THE MONSTERS - Have a Seat Vinyl Plush Blind Box,"<p>Pull up a chair. The fan-favorite <strong>Have a Seat</strong> series captures THE MONSTERS in candid, sitting poses — each one a different mood, each one a small surprise.</p><ul><li>Vinyl face on a soft plush body</li><li>Seated sculpts that perch on shelves and desks</li><li>Blind box format — the character inside stays hidden until opened</li><li>Chase the secret variant if you dare</li></ul><p>Half the fun is not knowing who you'll meet.</p>",The Moon Toys,"Toys & Games > Toys > Dolls, Playsets & Toy Figures > Stuffed Animals",,,true,Size,Single Box,,,,,,,,,0.0,shopify,9991,deny,manual,30.00,,true,true,,,,,,https://cdn.shopify.com/s/files/1/0793/9457/0452/files/473-0a53c2cbce3249047617459677610088-1024-1024.png?v=1763472244,1,THE MONSTERS - Have a Seat Vinyl Plush Blind Box | The Moon Toys,false,THE MONSTERS - Have a Seat Vinyl Plush Blind Box | The Moon Toys,Have a Seat THE MONSTERS plush blind box. Seated vinyl-face sculpts with a hidden secret variant. The Moon Toys.,,https://cdn.shopify.com/s/files/1/0793/9457/0452/files/473-0a53c2cbce3249047617459677610088-1024-1024.png?v=1763472244,kg,,,active
the-monsters-have-a-seat-vinyl-plush-blind-box,,,The Moon Toys,,,,,,Whole Set,,,,,,,,,0.0,shopify,10000,deny,manual,150.00,180.00,true,true,,,,,,https://cdn.shopify.com/s/files/1/0793/9457/0452/files/20240708_103610_362376_________1200x1200_1.webp?v=1763472282,2,THE MONSTERS - Have a Seat Vinyl Plush Blind Box – view 2 | The Moon Toys,,,,,https://cdn.shopify.com/s/files/1/0793/9457/0452/files/20240708_103610_362376_________1200x1200_1.webp?v=1763472282,kg,,,
the-monsters-have-a-seat-vinyl-plush-blind-box,,,The Moon Toys,,,,,,,,,,,,,,,,,,,,,,,,,,,,,https://cdn.shopify.com/s/files/1/0793/9457/0452/files/20240710_102728_027308____the-monsters-have-a-seat-vinyl-plush-blind-box-blind-boxes-pop-mart-us-scene_1_____1200x1200_f85418fb-2e93-4904-af44-c546c21e6426.jpg?v=1763472282,3,THE MONSTERS - Have a Seat Vinyl Plush Blind Box – view 3 | The Moon Toys,,,,,,,,,
the-monsters-have-a-seat-vinyl-plush-blind-box,,,The Moon Toys,,,,,,,,,,,,,,,,,,,,,,,,,,,,,https://cdn.shopify.com/s/files/1/0793/9457/0452/files/20240710_102728_107694____the-monsters-have-a-seat-vinyl-plush-blind-box-blind-boxes-pop-mart-us-5_____1200x1200_32627449-1b32-4f1d-b689-41e388488f5c.jpg?v=1763472282,4,THE MONSTERS - Have a Seat Vinyl Plush Blind Box – view 4 | The Moon Toys,,,,,,,,,
the-monsters-have-a-seat-vinyl-plush-blind-box,,,The Moon Toys,,,,,,,,,,,,,,,,,,,,,,,,,,,,,https://cdn.shopify.com/s/files/1/0793/9457/0452/files/20240710_102728_268600____the-monsters-have-a-seat-vinyl-plush-blind-box-blind-boxes-pop-mart-us-secret_____1200x1200_953b3c21-e3dd-4fc8-8047-78ad5117fbc2.jpg?v=1763472282,5,THE MONSTERS - Have a Seat Vinyl Plush Blind Box – view 5 | The Moon Toys,,,,,,,,,
the-monsters-have-a-seat-vinyl-plush-blind-box,,,The Moon Toys,,,,,,,,,,,,,,,,,,,,,,,,,,,,,https://cdn.shopify.com/s/files/1/0793/9457/0452/files/20240710_102728_405355____the-monsters-have-a-seat-vinyl-plush-blind-box-blind-boxes-pop-mart-us-1_____1200x1200_36a51f7b-e59e-4355-bb87-ac70918da943.jpg?v=1763472282,6,THE MONSTERS - Have a Seat Vinyl Plush Blind Box – view 6 | The Moon Toys,,,,,,,,,
the-monsters-have-a-seat-vinyl-plush-blind-box,,,The Moon Toys,,,,,,,,,,,,,,,,,,,,,,,,,,,,,https://cdn.shopify.com/s/files/1/0793/9457/0452/files/20240710_102728_595478____the-monsters-have-a-seat-vinyl-plush-blind-box-blind-boxes-pop-mart-us-2_____1200x1200_3de59477-51ba-427e-b3b4-4765c5a49c74.jpg?v=1763472282,7,THE MONSTERS - Have a Seat Vinyl Plush Blind Box – view 7 | The Moon Toys,,,,,,,,,
the-monsters-have-a-seat-vinyl-plush-blind-box,,,The Moon Toys,,,,,,,,,,,,,,,,,,,,,,,,,,,,,https://cdn.shopify.com/s/files/1/0793/9457/0452/files/20240710_102728_771361____the-monsters-have-a-seat-vinyl-plush-blind-box-blind-boxes-pop-mart-us-4_____1200x1200_025c68bd-37a7-4a90-84fa-6d46fafca697.jpg?v=1763472282,8,THE MONSTERS - Have a Seat Vinyl Plush Blind Box – view 8 | The Moon Toys,,,,,,,,,
the-monsters-have-a-seat-vinyl-plush-blind-box,,,The Moon Toys,,,,,,,,,,,,,,,,,,,,,,,,,,,,,https://cdn.shopify.com/s/files/1/0793/9457/0452/files/20240710_102728_788591____the-monsters-have-a-seat-vinyl-plush-blind-box-blind-boxes-pop-mart-us-3_____1200x1200_0a149555-d2bd-4cf8-a866-e6c5e577d57d.jpg?v=1763472282,9,THE MONSTERS - Have a Seat Vinyl Plush Blind Box – view 9 | The Moon Toys,,,,,,,,,
the-monsters-have-a-seat-vinyl-plush-blind-box,,,The Moon Toys,,,,,,,,,,,,,,,,,,,,,,,,,,,,,https://cdn.shopify.com/s/files/1/0793/9457/0452/files/20240710_102728_867680____the-monsters-have-a-seat-vinyl-plush-blind-box-blind-boxes-pop-mart-us-6_____1200x1200_37945671-afa4-4038-aeb0-a2d16a9bac8c.jpg?v=1763472282,10,THE MONSTERS - Have a Seat Vinyl Plush Blind Box – view 10 | The Moon Toys,,,,,,,,,
the-monsters-pin-for-love-series-vinyl-plush-pendant-blind-box-a-m,THE MONSTERS Pin for Love Series-Vinyl Plush Pendant Blind Box (A-M),"<p>Love, by the letter. The <strong>Pin for Love</strong> pendants (A–M) reinterpret each character of the alphabet as a clip-on THE MONSTERS friend — perfect for personalizing whatever you carry.</p><ul><li>Soft vinyl face with a plush body</li><li>Sturdy clasp for bags, keys and lanyards</li><li>Blind box — the letter inside is a mystery</li><li>Letters A through M in this assortment</li></ul><p>Start with your initial and build the whole set from there.</p>",The Moon Toys,"Toys & Games > Toys > Dolls, Playsets & Toy Figures > Action & Toy Figures > Animal Figures",,,true,Size,Single Box,,,,,,,,,0.0,shopify,9991,deny,manual,30.00,,true,true,,,,,,https://cdn.shopify.com/s/files/1/0793/9457/0452/files/20250822_172509_662389____single-1_____1200x1200_1b959ebe-375a-4696-92e0-1f51b36229f9.jpg?v=1763311677,1,THE MONSTERS Pin for Love Series-Vinyl Plush Pendant Blind Box (A-M) | The Moon Toys,false,THE MONSTERS Pin for Love Series | The Moon Toys,"Pin for Love (A–M) THE MONSTERS plush pendant blind box. Clip-on charms, surprise letter inside. The Moon Toys.",,https://cdn.shopify.com/s/files/1/0793/9457/0452/files/20250822_172509_662389____single-1_____1200x1200_1b959ebe-375a-4696-92e0-1f51b36229f9.jpg?v=1763311677,kg,,,active
the-monsters-pin-for-love-series-vinyl-plush-pendant-blind-box-a-m,,,The Moon Toys,,,,,,Whole Set,,,,,,,,,0.0,shopify,10000,deny,manual,280.00,350.00,true,true,,,,,,https://cdn.shopify.com/s/files/1/0793/9457/0452/files/20250822_172509_672093____wholes-1_____1200x1200_72df38e2-824c-4aa7-bb10-dbfff61c41a5.jpg?v=1763311677,2,THE MONSTERS Pin for Love Series-Vinyl Plush Pendant Blind Box (A-M) – view 2 | The Moon Toys,,,,,https://cdn.shopify.com/s/files/1/0793/9457/0452/files/20250822_172509_672093____wholes-1_____1200x1200_72df38e2-824c-4aa7-bb10-dbfff61c41a5.jpg?v=1763311677,kg,,,
the-monsters-pin-for-love-series-vinyl-plush-pendant-blind-box-a-m,,,The Moon Toys,,,,,,,,,,,,,,,,,,,,,,,,,,,,,https://cdn.shopify.com/s/files/1/0793/9457/0452/files/20250822_172508_467166____1_them-1_____1200x1200_2260a26e-142b-43f7-97c4-8c4ce4a674bf.jpg?v=1763311677,3,THE MONSTERS Pin for Love Series-Vinyl Plush Pendant Blind Box (A-M) – view 3 | The Moon Toys,,,,,,,,,
the-monsters-pin-for-love-series-vinyl-plush-pendant-blind-box-a-m,,,The Moon Toys,,,,,,,,,,,,,,,,,,,,,,,,,,,,,https://cdn.shopify.com/s/files/1/0793/9457/0452/files/20250822_172509_204443____2_them-1_____1200x1200_b60d9911-e5f1-4ff9-9140-27e2de631ac3.jpg?v=1763311677,4,THE MONSTERS Pin for Love Series-Vinyl Plush Pendant Blind Box (A-M) – view 4 | The Moon Toys,,,,,,,,,
the-monsters-pin-for-love-series-vinyl-plush-pendant-blind-box-a-m,,,The Moon Toys,,,,,,,,,,,,,,,,,,,,,,,,,,,,,https://cdn.shopify.com/s/files/1/0793/9457/0452/files/20250822_172509_435042____scene_-1_____1200x1200_403fbf38-e7cc-4dba-afec-88bb2ab37095.jpg?v=1763311677,5,THE MONSTERS Pin for Love Series-Vinyl Plush Pendant Blind Box (A-M) – view 5 | The Moon Toys,,,,,,,,,
the-monsters-pin-for-love-series-vinyl-plush-pendant-blind-box-a-m,,,The Moon Toys,,,,,,,,,,,,,,,,,,,,,,,,,,,,,https://cdn.shopify.com/s/files/1/0793/9457/0452/files/20250822_172509_893869____secret-1_____1200x1200_eb4e7bb5-ddd7-4ac9-85a9-a37f6d563d1b.jpg?v=1763311677,6,THE MONSTERS Pin for Love Series-Vinyl Plush Pendant Blind Box (A-M) – view 6 | The Moon Toys,,,,,,,,,
the-monsters-pin-for-love-series-vinyl-plush-pendant-blind-box-a-m,,,The Moon Toys,,,,,,,,,,,,,,,,,,,,,,,,,,,,,https://cdn.shopify.com/s/files/1/0793/9457/0452/files/20250822_172509_977571____3_them-1_____1200x1200_0880ab73-a3ef-4f50-b0a4-421f2ab034e0.jpg?v=1763311677,7,THE MONSTERS Pin for Love Series-Vinyl Plush Pendant Blind Box (A-M) – view 7 | The Moon Toys,,,,,,,,,
the-monsters-exciting-macaron-vinyl-face-blind-box,THE MONSTERS - Exciting Macaron Vinyl Face Blind Box,"<p>Sweet, pastel and impossible to stop at one. The <strong>Exciting Macaron</strong> series dresses THE MONSTERS in dessert-soft color tones, from Soymilk to Sea Salt Coconut and beyond.</p><ul><li>Vinyl face with plush body</li><li>Iconic macaron-inspired colorways</li><li>Blind box — flavor is a surprise on every open</li><li>Hidden secret edition in the lineup</li></ul><p>The series that turned a collectible into a craving.</p>",The Moon Toys,Uncategorized,,,true,Size,Single Box,,,,,,,,,0.0,shopify,9988,deny,manual,30.00,,true,true,,,,,,https://cdn.shopify.com/s/files/1/0793/9457/0452/files/20250722_141315_493383____single-box_the-monsters-exciting-macaron-vinyl-face-blind-box_plush-toys_details_popmart-us_____1200x1200_13784249-ea7e-441c-b5c9-094662a44fbd.jpg?v=1763311579,1,THE MONSTERS - Exciting Macaron Vinyl Face Blind Box | The Moon Toys,false,THE MONSTERS - Exciting Macaron Vinyl Face Blind Box | The Moon Toys,Exciting Macaron THE MONSTERS vinyl-face blind box. Pastel macaron colorways with a secret edition. The Moon Toys.,,https://cdn.shopify.com/s/files/1/0793/9457/0452/files/20250722_141315_493383____single-box_the-monsters-exciting-macaron-vinyl-face-blind-box_plush-toys_details_popmart-us_____1200x1200_13784249-ea7e-441c-b5c9-094662a44fbd.jpg?v=1763311579,kg,,,active
the-monsters-exciting-macaron-vinyl-face-blind-box,,,The Moon Toys,,,,,,Whole Set,,,,,,,,,0.0,shopify,9998,deny,manual,150.00,180.00,true,true,,,,,,https://cdn.shopify.com/s/files/1/0793/9457/0452/files/20250722_141315_475743____whole-set_the-monsters-exciting-macaron-vinyl-face-blind-box_plush-toys_details_popmart-us_____1200x1200_8e51be49-f9e3-42e8-95a0-33b2250d6f4a.jpg?v=1763311578,2,THE MONSTERS - Exciting Macaron Vinyl Face Blind Box – view 2 | The Moon Toys,,,,,https://cdn.shopify.com/s/files/1/0793/9457/0452/files/20250722_141315_475743____whole-set_the-monsters-exciting-macaron-vinyl-face-blind-box_plush-toys_details_popmart-us_____1200x1200_8e51be49-f9e3-42e8-95a0-33b2250d6f4a.jpg?v=1763311578,kg,,,
the-monsters-exciting-macaron-vinyl-face-blind-box,,,The Moon Toys,,,,,,,,,,,,,,,,,,,,,,,,,,,,,https://cdn.shopify.com/s/files/1/0793/9457/0452/files/20250722_141315_691269____1_the-monsters-exciting-macaron-vinyl-face-blind-box_plush-toys_details_popmart-us_____1200x1200_75158f0e-1d80-493f-b58d-d96c4cde41c2.jpg?v=1763311579,3,THE MONSTERS - Exciting Macaron Vinyl Face Blind Box – view 3 | The Moon Toys,,,,,,,,,
the-monsters-exciting-macaron-vinyl-face-blind-box,,,The Moon Toys,,,,,,,,,,,,,,,,,,,,,,,,,,,,,https://cdn.shopify.com/s/files/1/0793/9457/0452/files/20250722_141315_049643____secret_the-monsters-exciting-macaron-vinyl-face-blind-box_plush-toys_details_popmart-us_____1200x1200_4ecdd280-8514-416e-9053-6bb483662faf.jpg?v=1763311578,4,THE MONSTERS - Exciting Macaron Vinyl Face Blind Box – view 4 | The Moon Toys,,,,,,,,,
the-monsters-exciting-macaron-vinyl-face-blind-box,,,The Moon Toys,,,,,,,,,,,,,,,,,,,,,,,,,,,,,https://cdn.shopify.com/s/files/1/0793/9457/0452/files/20250722_141315_751793____2_the-monsters-exciting-macaron-vinyl-face-blind-box_plush-toys_details_popmart-us_____1200x1200_a27797ae-89a7-43e0-8b7d-bf0b3edab844.jpg?v=1763311578,5,THE MONSTERS - Exciting Macaron Vinyl Face Blind Box – view 5 | The Moon Toys,,,,,,,,,
the-monsters-exciting-macaron-vinyl-face-blind-box,,,The Moon Toys,,,,,,,,,,,,,,,,,,,,,,,,,,,,,https://cdn.shopify.com/s/files/1/0793/9457/0452/files/20250722_141315_461117____4_the-monsters-exciting-macaron-vinyl-face-blind-box_plush-toys_details_popmart-us_____1200x1200_60bf945e-7f38-49d8-b8cf-307f783c4f5d.jpg?v=1763311579,6,THE MONSTERS - Exciting Macaron Vinyl Face Blind Box – view 6 | The Moon Toys,,,,,,,,,
the-monsters-exciting-macaron-vinyl-face-blind-box,,,The Moon Toys,,,,,,,,,,,,,,,,,,,,,,,,,,,,,https://cdn.shopify.com/s/files/1/0793/9457/0452/files/20250722_141315_367902____3_the-monsters-exciting-macaron-vinyl-face-blind-box_plush-toys_details_popmart-us_____1200x1200_26c9a8d9-a02e-4fcb-9192-0241d374fd96.jpg?v=1763311578,7,THE MONSTERS - Exciting Macaron Vinyl Face Blind Box – view 7 | The Moon Toys,,,,,,,,,
the-monsters-angel-in-clouds-vinyl-face-doll,THE MONSTERS - ANGEL IN CLOUDS Vinyl Face Doll,<p>A grail-tier centerpiece. <strong>Angel in Clouds</strong> lifts THE MONSTERS into something dreamy and ethereal — a large-format vinyl-face doll designed to be the showpiece of a serious collection.</p><ul><li>Oversized statement sculpt with fine detailing</li><li>Soft cloud-like palette and premium finish</li><li>Display-first piece for the dedicated collector</li></ul><p>When you want one figure to define the whole shelf.</p>,The Moon Toys,"Toys & Games > Toys > Dolls, Playsets & Toy Figures > Stuffed Animals",,,true,Title,Default Title,,,,,,,,,0.0,shopify,10000,deny,manual,299.99,,true,true,,,,,,https://cdn.shopify.com/s/files/1/0793/9457/0452/files/20241014_112618_141601____the-monsters-angel-in-clouds-vinyl-face-doll-designer-figurines-pop-mart-us-1_____1200x1200_bae2271a-0f67-4ae0-a864-5a2167e161c9.jpg?v=1763311475,1,THE MONSTERS - ANGEL IN CLOUDS Vinyl Face Doll | The Moon Toys,false,THE MONSTERS - ANGEL IN CLOUDS Vinyl Face Doll | The Moon Toys,"Angel in Clouds THE MONSTERS vinyl-face doll. Oversized, dreamy centerpiece for serious collectors. The Moon Toys.",,,kg,,,active
the-monsters-angel-in-clouds-vinyl-face-doll,,,The Moon Toys,,,,,,,,,,,,,,,,,,,,,,,,,,,,,https://cdn.shopify.com/s/files/1/0793/9457/0452/files/20241014_112618_618883____the-monsters-angel-in-clouds-vinyl-face-doll-designer-figurines-pop-mart-us-2_____1200x1200_e5c0ca4a-d334-4132-b2dc-4843beadc3b2.jpg?v=1763311475,2,THE MONSTERS - ANGEL IN CLOUDS Vinyl Face Doll – view 2 | The Moon Toys,,,,,,,,,
the-monsters-angel-in-clouds-vinyl-face-doll,,,The Moon Toys,,,,,,,,,,,,,,,,,,,,,,,,,,,,,https://cdn.shopify.com/s/files/1/0793/9457/0452/files/20241014_112618_048289____the-monsters-angel-in-clouds-vinyl-face-doll-designer-figurines-pop-mart-us-scene-1_____1199x1200_e84e854d-1b7c-4461-bdbd-c19c502661fe.jpg?v=1763311475,3,THE MONSTERS - ANGEL IN CLOUDS Vinyl Face Doll – view 3 | The Moon Toys,,,,,,,,,
the-monsters-angel-in-clouds-vinyl-face-doll,,,The Moon Toys,,,,,,,,,,,,,,,,,,,,,,,,,,,,,https://cdn.shopify.com/s/files/1/0793/9457/0452/files/20241014_112618_163054____the-monsters-angel-in-clouds-vinyl-face-doll-designer-figurines-pop-mart-us-scene-3_____1199x1200_0c3c26bb-d790-413c-b891-dfea029e19bf.jpg?v=1763311475,4,THE MONSTERS - ANGEL IN CLOUDS Vinyl Face Doll – view 4 | The Moon Toys,,,,,,,,,
the-monsters-angel-in-clouds-vinyl-face-doll,,,The Moon Toys,,,,,,,,,,,,,,,,,,,,,,,,,,,,,https://cdn.shopify.com/s/files/1/0793/9457/0452/files/20241014_112618_534372____the-monsters-angel-in-clouds-vinyl-face-doll-designer-figurines-pop-mart-us-scene-2_____1199x1200_ae3367ec-e258-4586-837e-ff9f4c6d858e.jpg?v=1763311475,5,THE MONSTERS - ANGEL IN CLOUDS Vinyl Face Doll – view 5 | The Moon Toys,,,,,,,,,
the-monsters-angel-in-clouds-vinyl-face-doll,,,The Moon Toys,,,,,,,,,,,,,,,,,,,,,,,,,,,,,https://cdn.shopify.com/s/files/1/0793/9457/0452/files/20241014_112618_542244____the-monsters-angel-in-clouds-vinyl-face-doll-designer-figurines-pop-mart-us-scene-4_____1199x1200_6ad2db81-355d-4c72-a59e-c00325b56cc1.jpg?v=1763311475,6,THE MONSTERS - ANGEL IN CLOUDS Vinyl Face Doll – view 6 | The Moon Toys,,,,,,,,,
the-monsters-big-into-energy-series-vinyl-plush-pendant-blind-box,THE MONSTERS Big into Energy Series-Vinyl Plush Pendant Blind Box,"<p>Good vibes, clipped on. The hugely popular <strong>Big into Energy</strong> pendants channel feelings like Love, Luck, Hope and Serenity into pocket-sized THE MONSTERS charms.</p><ul><li>Vinyl face with plush body and clip</li><li>Each pendant themed around a different energy</li><li>Blind box — your energy is revealed on opening</li><li>Secret variant hidden in the series</li></ul><p>Carry the mood you're after, and trade for the ones you're missing.</p>",The Moon Toys,"Toys & Games > Toys > Dolls, Playsets & Toy Figures > Stuffed Animals",,,true,Size,Single Box,,,,,,,,,0.0,shopify,9962,deny,manual,30.00,,true,true,,,,,,https://cdn.shopify.com/s/files/1/0793/9457/0452/files/20250418_172540_542866____single-box_the-monsters-big-into-energy-series-vinyl-plush-pendant-blind-box_plush_details_popmart-us_____1200x1200_da5c6ee6-35d2-42f5-94f1-66ad2f72a9bd.jpg?v=1763311292,1,THE MONSTERS Big into Energy Series-Vinyl Plush Pendant Blind Box | The Moon Toys,false,THE MONSTERS Big into Energy Series | The Moon Toys,Big into Energy THE MONSTERS plush pendant blind box. Clip-on charms themed around feelings. Shop The Moon Toys.,,https://cdn.shopify.com/s/files/1/0793/9457/0452/files/20250418_172540_542866____single-box_the-monsters-big-into-energy-series-vinyl-plush-pendant-blind-box_plush_details_popmart-us_____1200x1200_da5c6ee6-35d2-42f5-94f1-66ad2f72a9bd.jpg?v=1763311292,kg,,,active
the-monsters-big-into-energy-series-vinyl-plush-pendant-blind-box,,,The Moon Toys,,,,,,Whole Set,,,,,,,,,0.0,shopify,9998,deny,manual,150.00,180.00,true,true,,,,,,https://cdn.shopify.com/s/files/1/0793/9457/0452/files/20250418_172540_429482____whole-set_the-monsters-big-into-energy-series-vinyl-plush-pendant-blind-box_plush_details_popmart-us_____1200x1200_268729c2-617b-4e0e-94f8-922be6713d12.jpg?v=1763311292,2,THE MONSTERS Big into Energy Series-Vinyl Plush Pendant Blind Box – view 2 | The Moon Toys,,,,,https://cdn.shopify.com/s/files/1/0793/9457/0452/files/20250418_172540_429482____whole-set_the-monsters-big-into-energy-series-vinyl-plush-pendant-blind-box_plush_details_popmart-us_____1200x1200_268729c2-617b-4e0e-94f8-922be6713d12.jpg?v=1763311292,kg,,,
the-monsters-big-into-energy-series-vinyl-plush-pendant-blind-box,,,The Moon Toys,,,,,,,,,,,,,,,,,,,,,,,,,,,,,https://cdn.shopify.com/s/files/1/0793/9457/0452/files/20250418_172540_320520____1_the-monsters-big-into-energy-series-vinyl-plush-pendant-blind-box_plush_details_popmart-us_____1200x1200_0caa955f-f7cf-4fe4-ba18-e123fd3a8990.jpg?v=1763311292,3,THE MONSTERS Big into Energy Series-Vinyl Plush Pendant Blind Box – view 3 | The Moon Toys,,,,,,,,,
the-monsters-big-into-energy-series-vinyl-plush-pendant-blind-box,,,The Moon Toys,,,,,,,,,,,,,,,,,,,,,,,,,,,,,https://cdn.shopify.com/s/files/1/0793/9457/0452/files/20250418_172540_305076____4_the-monsters-big-into-energy-series-vinyl-plush-pendant-blind-box_plush_details_popmart-us_____1200x1200_8aec537c-1c90-41e8-9b4c-92f2623149e9.jpg?v=1763311292,4,THE MONSTERS Big into Energy Series-Vinyl Plush Pendant Blind Box – view 4 | The Moon Toys,,,,,,,,,
the-monsters-big-into-energy-series-vinyl-plush-pendant-blind-box,,,The Moon Toys,,,,,,,,,,,,,,,,,,,,,,,,,,,,,https://cdn.shopify.com/s/files/1/0793/9457/0452/files/20250418_172540_064855____3_the-monsters-big-into-energy-series-vinyl-plush-pendant-blind-box_plush_details_popmart-us_____1200x1200_22dfcbac-71cf-402d-9f5f-26d4f6cb3b00.jpg?v=1763311292,5,THE MONSTERS Big into Energy Series-Vinyl Plush Pendant Blind Box – view 5 | The Moon Toys,,,,,,,,,
the-monsters-big-into-energy-series-vinyl-plush-pendant-blind-box,,,The Moon Toys,,,,,,,,,,,,,,,,,,,,,,,,,,,,,https://cdn.shopify.com/s/files/1/0793/9457/0452/files/20250418_172540_325108____2_the-monsters-big-into-energy-series-vinyl-plush-pendant-blind-box_plush_details_popmart-us_____1200x1200_73d971d7-2171-4e6f-9b2b-aed3762c4c6f.jpg?v=1763311292,6,THE MONSTERS Big into Energy Series-Vinyl Plush Pendant Blind Box – view 6 | The Moon Toys,,,,,,,,,
the-monsters-big-into-energy-series-vinyl-plush-pendant-blind-box,,,The Moon Toys,,,,,,,,,,,,,,,,,,,,,,,,,,,,,https://cdn.shopify.com/s/files/1/0793/9457/0452/files/20250418_172540_383569____scene_the-monsters-big-into-energy-series-vinyl-plush-pendant-blind-box_plush_details_popmart-us_____1200x1200_0dcec908-c6a7-44ff-b8d4-de9009f19346.jpg?v=1763311292,7,THE MONSTERS Big into Energy Series-Vinyl Plush Pendant Blind Box – view 7 | The Moon Toys,,,,,,,,,
the-monsters-big-into-energy-series-vinyl-plush-pendant-blind-box,,,The Moon Toys,,,,,,,,,,,,,,,,,,,,,,,,,,,,,https://cdn.shopify.com/s/files/1/0793/9457/0452/files/20250418_172540_561496____6_the-monsters-big-into-energy-series-vinyl-plush-pendant-blind-box_plush_details_popmart-us_____1200x1200_b3e5de66-4830-4121-afca-b6cfe542b888.jpg?v=1763311292,8,THE MONSTERS Big into Energy Series-Vinyl Plush Pendant Blind Box – view 8 | The Moon Toys,,,,,,,,,
the-monsters-big-into-energy-series-vinyl-plush-pendant-blind-box,,,The Moon Toys,,,,,,,,,,,,,,,,,,,,,,,,,,,,,https://cdn.shopify.com/s/files/1/0793/9457/0452/files/20250418_172540_568479____secret_the-monsters-big-into-energy-series-vinyl-plush-pendant-blind-box_plush_details_popmart-us_____1200x1200_d4364c17-d008-48f3-8fe6-7ceab2d40f32.jpg?v=1763311292,9,THE MONSTERS Big into Energy Series-Vinyl Plush Pendant Blind Box – view 9 | The Moon Toys,,,,,,,,,
the-monsters-big-into-energy-series-vinyl-plush-pendant-blind-box,,,The Moon Toys,,,,,,,,,,,,,,,,,,,,,,,,,,,,,https://cdn.shopify.com/s/files/1/0793/9457/0452/files/20250418_172540_626550____5_the-monsters-big-into-energy-series-vinyl-plush-pendant-blind-box_plush_details_popmart-us_____1200x1200_103809aa-e84c-4541-9934-c934a98b2404.jpg?v=1763311292,10,THE MONSTERS Big into Energy Series-Vinyl Plush Pendant Blind Box – view 10 | The Moon Toys,,,,,,,,,
the-monsters-lazy-yoga-series-figures,THE MONSTERS Lazy Yoga Series Figures,"<p>Namaste, sort of. The <strong>Lazy Yoga</strong> figures catch THE MONSTERS mid-stretch in poses that are more nap than namaslay — a witty, desk-ready set with real personality.</p><ul><li>Sculpted figures in a range of (questionable) yoga poses</li><li>Compact size, perfect for desks and shelves</li><li>Collectible assortment with a playful twist</li></ul><p>Mindfulness optional. Charm guaranteed.</p>",The Moon Toys,"Toys & Games > Toys > Dolls, Playsets & Toy Figures > Action & Toy Figures > Animal Figures",,,true,Size,Single Box,,,,,,,,,0.0,shopify,9996,deny,manual,25.00,,true,true,,,,,,https://cdn.shopify.com/s/files/1/0793/9457/0452/files/20240801_111752_082686____the-monsters-lazy-yoga-series-figures-blind-boxes-pop-mart-us-single-box_____1200x1200_6744dacc-e09c-49f0-9930-637d4e9ddb2b.jpg?v=1763311152,1,THE MONSTERS Lazy Yoga Series Figures | The Moon Toys,false,THE MONSTERS Lazy Yoga Series Figures | The Moon Toys,Lazy Yoga THE MONSTERS figures. Desk-ready sculpts caught mid-stretch. Playful collectible set at The Moon Toys.,,https://cdn.shopify.com/s/files/1/0793/9457/0452/files/20240801_111752_082686____the-monsters-lazy-yoga-series-figures-blind-boxes-pop-mart-us-single-box_____1200x1200_6744dacc-e09c-49f0-9930-637d4e9ddb2b.jpg?v=1763311152,kg,,,active
the-monsters-lazy-yoga-series-figures,,,The Moon Toys,,,,,,Whole Set,,,,,,,,,0.0,shopify,10000,deny,manual,150.00,180.00,true,true,,,,,,https://cdn.shopify.com/s/files/1/0793/9457/0452/files/20240801_111752_508415____the-monsters-lazy-yoga-series-figures-blind-boxes-pop-mart-us-whole-set_____1200x1200_f92757e1-2632-4ce5-86c2-256a75e19a9a.jpg?v=1763311152,2,THE MONSTERS Lazy Yoga Series Figures – view 2 | The Moon Toys,,,,,https://cdn.shopify.com/s/files/1/0793/9457/0452/files/20240801_111752_508415____the-monsters-lazy-yoga-series-figures-blind-boxes-pop-mart-us-whole-set_____1200x1200_f92757e1-2632-4ce5-86c2-256a75e19a9a.jpg?v=1763311152,kg,,,
the-monsters-lazy-yoga-series-figures,,,The Moon Toys,,,,,,,,,,,,,,,,,,,,,,,,,,,,,https://cdn.shopify.com/s/files/1/0793/9457/0452/files/20240801_111752_972104____the-monsters-lazy-yoga-series-figures-blind-boxes-pop-mart-us-1_____1200x1200_0833b56c-7459-4468-b15b-2c28fb917061.jpg?v=1763311152,3,THE MONSTERS Lazy Yoga Series Figures – view 3 | The Moon Toys,,,,,,,,,
the-monsters-lazy-yoga-series-figures,,,The Moon Toys,,,,,,,,,,,,,,,,,,,,,,,,,,,,,https://cdn.shopify.com/s/files/1/0793/9457/0452/files/20240801_111752_445289____the-monsters-lazy-yoga-series-figures-blind-boxes-pop-mart-us-5_____1200x1200_04dc0f20-726f-474f-84ac-7d1893c4e456.jpg?v=1763311152,4,THE MONSTERS Lazy Yoga Series Figures – view 4 | The Moon Toys,,,,,,,,,
the-monsters-lazy-yoga-series-figures,,,The Moon Toys,,,,,,,,,,,,,,,,,,,,,,,,,,,,,https://cdn.shopify.com/s/files/1/0793/9457/0452/files/20240801_111752_109132____the-monsters-lazy-yoga-series-figures-blind-boxes-pop-mart-us-7_____1200x1200_b154d99c-3f80-44f7-a7ce-05a37b64e30e.jpg?v=1763311152,5,THE MONSTERS Lazy Yoga Series Figures – view 5 | The Moon Toys,,,,,,,,,
the-monsters-lazy-yoga-series-figures,,,The Moon Toys,,,,,,,,,,,,,,,,,,,,,,,,,,,,,https://cdn.shopify.com/s/files/1/0793/9457/0452/files/20240801_111752_209666____the-monsters-lazy-yoga-series-figures-blind-boxes-pop-mart-us-2_____1200x1200_db3ac81b-ae5b-4476-a4db-ac42b6d853f1.jpg?v=1763311152,6,THE MONSTERS Lazy Yoga Series Figures – view 6 | The Moon Toys,,,,,,,,,
the-monsters-lazy-yoga-series-figures,,,The Moon Toys,,,,,,,,,,,,,,,,,,,,,,,,,,,,,https://cdn.shopify.com/s/files/1/0793/9457/0452/files/20240801_111752_431517____the-monsters-lazy-yoga-series-figures-blind-boxes-pop-mart-us-8_____1200x1200_5c413508-a51d-4cc8-9b91-eb89e3e0f406.jpg?v=1763311152,7,THE MONSTERS Lazy Yoga Series Figures – view 7 | The Moon Toys,,,,,,,,,
the-monsters-lazy-yoga-series-figures,,,The Moon Toys,,,,,,,,,,,,,,,,,,,,,,,,,,,,,https://cdn.shopify.com/s/files/1/0793/9457/0452/files/20240801_111752_697787____the-monsters-lazy-yoga-series-figures-blind-boxes-pop-mart-us-9_____1200x1200_f44fa8b0-f949-4ce1-8142-78e445d246ac.jpg?v=1763311152,8,THE MONSTERS Lazy Yoga Series Figures – view 8 | The Moon Toys,,,,,,,,,
the-monsters-lazy-yoga-series-figures,,,The Moon Toys,,,,,,,,,,,,,,,,,,,,,,,,,,,,,https://cdn.shopify.com/s/files/1/0793/9457/0452/files/20240801_111752_609887____the-monsters-lazy-yoga-series-figures-blind-boxes-pop-mart-us-3_____1200x1200_5a04b1e2-fde1-4be5-b546-297dd21a46c3.jpg?v=1763311152,9,THE MONSTERS Lazy Yoga Series Figures – view 9 | The Moon Toys,,,,,,,,,
the-monsters-lazy-yoga-series-figures,,,The Moon Toys,,,,,,,,,,,,,,,,,,,,,,,,,,,,,https://cdn.shopify.com/s/files/1/0793/9457/0452/files/20240801_111752_552595____the-monsters-lazy-yoga-series-figures-blind-boxes-pop-mart-us-10_____1200x1200_7ccff145-e0be-4f3b-aa13-eac1127ecda1.jpg?v=1763311152,10,THE MONSTERS Lazy Yoga Series Figures – view 10 | The Moon Toys,,,,,,,,,
the-monsters-lazy-yoga-series-figures,,,The Moon Toys,,,,,,,,,,,,,,,,,,,,,,,,,,,,,https://cdn.shopify.com/s/files/1/0793/9457/0452/files/20240801_111752_917320____the-monsters-lazy-yoga-series-figures-blind-boxes-pop-mart-us-6_____1200x1200_f7b53f5d-8fb9-404b-b14a-ffb5339e82c5.jpg?v=1763311152,11,THE MONSTERS Lazy Yoga Series Figures – view 11 | The Moon Toys,,,,,,,,,
the-monsters-lazy-yoga-series-figures,,,The Moon Toys,,,,,,,,,,,,,,,,,,,,,,,,,,,,,https://cdn.shopify.com/s/files/1/0793/9457/0452/files/20240801_111752_227474____the-monsters-lazy-yoga-series-figures-blind-boxes-pop-mart-us-secret_____1200x1200_739b3982-656b-404a-9b56-a639061ef5d4.jpg?v=1763311152,12,THE MONSTERS Lazy Yoga Series Figures – view 12 | The Moon Toys,,,,,,,,,
the-monsters-lets-checkmate-series-vinyl-plush-doll,THE MONSTERS Let's Checkmate Series-Vinyl Plush Doll,"<p>Your move. <strong>Let's Checkmate</strong> reimagines THE MONSTERS as chess-board characters, blending strategy-game styling with the soft, huggable build fans love.</p><ul><li>Vinyl face with a full plush body</li><li>Chess-themed costume details and finish</li><li>Generous doll size for display or play</li></ul><p>A clever, character-rich piece for the serious collector.</p>",The Moon Toys,"Toys & Games > Toys > Dolls, Playsets & Toy Figures > Dolls",,,true,Title,Default Title,,,,,,,,,0.0,shopify,9999,deny,manual,114.00,,true,true,,,,,,https://cdn.shopify.com/s/files/1/0793/9457/0452/files/20250123_123839_285879____1_the-monsters-let-s-checkmate-series-vinyl-plush-doll_plush_details_popmart-us_____1200x1200_b633ee75-10b7-4e0e-9daf-40d1f3c991df.jpg?v=1763311066,1,THE MONSTERS Let's Checkmate Series-Vinyl Plush Doll | The Moon Toys,false,THE MONSTERS Let's Checkmate Series | The Moon Toys,Let's Checkmate THE MONSTERS plush doll. Chess-themed vinyl-face collectible with a soft body. The Moon Toys.,,,kg,,,active
the-monsters-lets-checkmate-series-vinyl-plush-doll,,,The Moon Toys,,,,,,,,,,,,,,,,,,,,,,,,,,,,,https://cdn.shopify.com/s/files/1/0793/9457/0452/files/20250123_123839_655362____2_the-monsters-let-s-checkmate-series-vinyl-plush-doll_plush_details_popmart-us_____1200x1200_6b18ea57-b9fb-4367-a11a-34ea1dc75b31.jpg?v=1763311066,2,THE MONSTERS Let's Checkmate Series-Vinyl Plush Doll – view 2 | The Moon Toys,,,,,,,,,
the-monsters-lets-checkmate-series-vinyl-plush-doll,,,The Moon Toys,,,,,,,,,,,,,,,,,,,,,,,,,,,,,https://cdn.shopify.com/s/files/1/0793/9457/0452/files/20250123_123839_020488____scene2_the-monsters-let-s-checkmate-series-vinyl-plush-doll_plush_details_popmart-us_____1200x1200_5b38b50a-4a6b-45de-93b1-ff745e8bf371.jpg?v=1763311066,3,THE MONSTERS Let's Checkmate Series-Vinyl Plush Doll – view 3 | The Moon Toys,,,,,,,,,
the-monsters-lets-checkmate-series-vinyl-plush-doll,,,The Moon Toys,,,,,,,,,,,,,,,,,,,,,,,,,,,,,https://cdn.shopify.com/s/files/1/0793/9457/0452/files/20250123_123839_702145____scene1_the-monsters-let-s-checkmate-series-vinyl-plush-doll_plush_details_popmart-us_____1200x1200_751d089e-743f-4202-a32b-5a441f73d671.jpg?v=1763311066,4,THE MONSTERS Let's Checkmate Series-Vinyl Plush Doll – view 4 | The Moon Toys,,,,,,,,,
the-monsters-lets-checkmate-series-vinyl-plush-doll,,,The Moon Toys,,,,,,,,,,,,,,,,,,,,,,,,,,,,,https://cdn.shopify.com/s/files/1/0793/9457/0452/files/20250123_123839_736086____scene3_the-monsters-let-s-checkmate-series-vinyl-plush-doll_plush_details_popmart-us_____1200x1200_7b7b4935-41bf-45a5-8d65-8f3a593ec227.jpg?v=1763311066,5,THE MONSTERS Let's Checkmate Series-Vinyl Plush Doll – view 5 | The Moon Toys,,,,,,,,,
the-monsters-fall-in-wild-series-vinyl-plush-doll,THE MONSTERS FALL IN WILD SERIES-Vinyl Plush Doll,"<p>Into the wild. <strong>Fall in Wild</strong> sends THE MONSTERS off the beaten path with earthy, outdoorsy styling and that ever-present mischievous grin.</p><ul><li>Vinyl face on a soft plush body</li><li>Nature-inspired colorway and detailing</li><li>Full doll size, ready to display</li></ul><p>Rugged charm with a collector's polish.</p>",The Moon Toys,"Toys & Games > Toys > Dolls, Playsets & Toy Figures > Stuffed Animals",,,true,Title,Default Title,,,,,,,,,0.0,shopify,9998,deny,manual,99.99,,true,true,,,,,,https://cdn.shopify.com/s/files/1/0793/9457/0452/files/20240408_161325_683029__1200x1200_4e121a18-fde3-4303-ba88-5a8624a01008.jpg?v=1763311014,1,THE MONSTERS FALL IN WILD SERIES-Vinyl Plush Doll | The Moon Toys,false,THE MONSTERS FALL IN WILD SERIES | The Moon Toys,Fall in Wild THE MONSTERS plush doll. Outdoorsy vinyl-face collectible with earthy styling. Shop The Moon Toys.,,,kg,,,active
the-monsters-fall-in-wild-series-vinyl-plush-doll,,,The Moon Toys,,,,,,,,,,,,,,,,,,,,,,,,,,,,,https://cdn.shopify.com/s/files/1/0793/9457/0452/files/20240408_161327_778318__1200x1200_0ab6b89d-686e-4fda-a928-d45df1ad217a.jpg?v=1763311014,2,THE MONSTERS FALL IN WILD SERIES-Vinyl Plush Doll – view 2 | The Moon Toys,,,,,,,,,
the-monsters-fall-in-wild-series-vinyl-plush-doll,,,The Moon Toys,,,,,,,,,,,,,,,,,,,,,,,,,,,,,https://cdn.shopify.com/s/files/1/0793/9457/0452/files/20240408_161330_023654__1200x1200_8b68cdb2-e360-4f09-a73f-142efc7a9709.jpg?v=1763311014,3,THE MONSTERS FALL IN WILD SERIES-Vinyl Plush Doll – view 3 | The Moon Toys,,,,,,,,,
the-monsters-lets-checkmate-series-vinyl-plush-hanging-card,THE MONSTERS Let's Checkmate Series-Vinyl Plush Hanging Card,"<p>The <strong>Let's Checkmate</strong> hanging-card edition shrinks the chess-themed magic into a clip-on companion — same character, ready to ride along on your bag.</p><ul><li>Compact vinyl-and-plush pendant</li><li>Hanging-card format with attachment clip</li><li>Chess-inspired styling to match the series</li></ul><p>A pocket-sized way to take the series with you.</p>",The Moon Toys,"Toys & Games > Toys > Dolls, Playsets & Toy Figures > Stuffed Animals",,,true,Title,Default Title,,,,,,,,,0.0,shopify,9996,deny,manual,46.00,,true,true,,,,,,https://cdn.shopify.com/s/files/1/0793/9457/0452/files/20250123_121659_398103____1_the-monsters-let-s-checkmate-series-vinyl-plush-hanging-card_plush_details_popmart-us_____1200x1200_df31da97-7d3e-4ae5-a542-8c3f732d1415.jpg?v=1763310966,1,THE MONSTERS Let's Checkmate Series-Vinyl Plush Hanging Card | The Moon Toys,false,THE MONSTERS Let's Checkmate Series | The Moon Toys,Let's Checkmate hanging-card pendant. Clip-on chess-themed THE MONSTERS companion. The Moon Toys.,,,kg,,,active
the-monsters-lets-checkmate-series-vinyl-plush-hanging-card,,,The Moon Toys,,,,,,,,,,,,,,,,,,,,,,,,,,,,,https://cdn.shopify.com/s/files/1/0793/9457/0452/files/20250123_121659_844986____2_the-monsters-let-s-checkmate-series-vinyl-plush-hanging-card_plush_details_popmart-us_____1200x1200_282e6977-1d94-46f5-97c9-dbe2482a46ac.jpg?v=1763310966,2,THE MONSTERS Let's Checkmate Series-Vinyl Plush Hanging Card – view 2 | The Moon Toys,,,,,,,,,
the-monsters-lets-checkmate-series-vinyl-plush-hanging-card,,,The Moon Toys,,,,,,,,,,,,,,,,,,,,,,,,,,,,,https://cdn.shopify.com/s/files/1/0793/9457/0452/files/20250123_121659_822261____3_the-monsters-let-s-checkmate-series-vinyl-plush-hanging-card_plush_details_popmart-us_____1200x1200_bed65215-81a9-4d75-a8e5-ecbb11bfb64a.jpg?v=1763310966,3,THE MONSTERS Let's Checkmate Series-Vinyl Plush Hanging Card – view 3 | The Moon Toys,,,,,,,,,
the-monsters-lets-checkmate-series-vinyl-plush-hanging-card,,,The Moon Toys,,,,,,,,,,,,,,,,,,,,,,,,,,,,,https://cdn.shopify.com/s/files/1/0793/9457/0452/files/20250123_121659_030978____scene1_the-monsters-let-s-checkmate-series-vinyl-plush-hanging-card_plush_details_popmart-us_____1200x1200_a89da963-7766-457c-941e-12328f7a7e87.jpg?v=1763310966,4,THE MONSTERS Let's Checkmate Series-Vinyl Plush Hanging Card – view 4 | The Moon Toys,,,,,,,,,
the-monsters-lets-checkmate-series-vinyl-plush-hanging-card,,,The Moon Toys,,,,,,,,,,,,,,,,,,,,,,,,,,,,,https://cdn.shopify.com/s/files/1/0793/9457/0452/files/20250123_121659_380933____scene2_the-monsters-let-s-checkmate-series-vinyl-plush-hanging-card_plush_details_popmart-us_____1200x1200_2ca5945e-08bd-4575-abdd-1ee8fdd5b3df.jpg?v=1763310966,5,THE MONSTERS Let's Checkmate Series-Vinyl Plush Hanging Card – view 5 | The Moon Toys,,,,,,,,,
the-monsters-fall-in-wild-series-vinyl-plush-doll-pendant,THE MONSTERS FALL IN WILD SERIES-Vinyl Plush Doll Pendant,"<p>The <strong>Fall in Wild</strong> pendant brings the series' outdoorsy spirit to a clip-on scale — small footprint, full personality.</p><ul><li>Vinyl face with plush body and clasp</li><li>Earthy, nature-led colorway</li><li>Sized to clip onto bags, keys and lanyards</li></ul><p>The everyday-carry version of a collector favorite.</p>",The Moon Toys,"Toys & Games > Toys > Dolls, Playsets & Toy Figures > Stuffed Animals",,,true,Title,Default Title,,,,,,,,,0.0,shopify,9999,deny,manual,39.00,,true,true,,,,,,https://cdn.shopify.com/s/files/1/0793/9457/0452/files/20240408_161645_829152__1200x1200_064aefd6-8274-46f5-ad09-102f3a154f7b.jpg?v=1763310915,1,THE MONSTERS FALL IN WILD SERIES-Vinyl Plush Doll Pendant | The Moon Toys,false,THE MONSTERS FALL IN WILD SERIES | The Moon Toys,Fall in Wild THE MONSTERS pendant. Clip-on vinyl-and-plush charm with earthy styling. The Moon Toys.,,,kg,,,active
the-monsters-fall-in-wild-series-vinyl-plush-doll-pendant,,,The Moon Toys,,,,,,,,,,,,,,,,,,,,,,,,,,,,,https://cdn.shopify.com/s/files/1/0793/9457/0452/files/20240408_161647_714945__1200x1200_178c55d2-80fb-4f0e-bd7a-7b194f7aab1c.jpg?v=1763310915,2,THE MONSTERS FALL IN WILD SERIES-Vinyl Plush Doll Pendant – view 2 | The Moon Toys,,,,,,,,,
the-monsters-fall-in-wild-series-vinyl-plush-doll-pendant,,,The Moon Toys,,,,,,,,,,,,,,,,,,,,,,,,,,,,,https://cdn.shopify.com/s/files/1/0793/9457/0452/files/20240408_161650_299803__1200x1200_0fe0fc85-35b5-4584-a88a-f1bb501622d7.jpg?v=1763310915,3,THE MONSTERS FALL IN WILD SERIES-Vinyl Plush Doll Pendant – view 3 | The Moon Toys,,,,,,,,,
why-so-serious-series-vinyl-plush-pendant-blind-box,THE MONSTERS WHY SO SERIOUS Series-Vinyl Plush Pendant Blind Box,"<p>Lighten up. The <strong>Why So Serious</strong> pendants give THE MONSTERS a mischievous, expression-packed makeover — a blind box built around attitude.</p><ul><li>Vinyl face with plush body and clip</li><li>Bold, character-forward expressions</li><li>Blind box — the face you get is a surprise</li><li>Secret edition tucked into the lineup</li></ul><p>Never take collecting too seriously.</p>",The Moon Toys,"Toys & Games > Toys > Dolls, Playsets & Toy Figures > Action & Toy Figures > Action Figures",,,true,Size,Single Box,,,,,,,,,0.0,shopify,9999,deny,manual,42.00,,true,true,,,,,,https://cdn.shopify.com/s/files/1/0793/9457/0452/files/20250928_170440_486432____single-box_why-so-serious-series-vinyl-plush-pendant-blind-box_plush-toys_details_pop-mart-us_____1200x1200_1.jpg?v=1763310816,1,THE MONSTERS WHY SO SERIOUS Series-Vinyl Plush Pendant Blind Box | The Moon Toys,false,THE MONSTERS WHY SO SERIOUS Series | The Moon Toys,"Why So Serious THE MONSTERS plush pendant blind box. Expression-packed clip-on charms, secret edition. The Moon Toys.",,https://cdn.shopify.com/s/files/1/0793/9457/0452/files/20250928_170440_486432____single-box_why-so-serious-series-vinyl-plush-pendant-blind-box_plush-toys_details_pop-mart-us_____1200x1200_1.jpg?v=1763310816,kg,,,active
why-so-serious-series-vinyl-plush-pendant-blind-box,,,The Moon Toys,,,,,,Whole Set,,,,,,,,,0.0,shopify,10000,deny,manual,250.00,300.00,true,true,,,,,,https://cdn.shopify.com/s/files/1/0793/9457/0452/files/20250928_170440_864375____whole-sets_why-so-serious-series-vinyl-plush-pendant-blind-box_plush-toys_details_pop-mart-us_____1200x1200_1.jpg?v=1763310817,2,THE MONSTERS WHY SO SERIOUS Series-Vinyl Plush Pendant Blind Box – view 2 | The Moon Toys,,,,,https://cdn.shopify.com/s/files/1/0793/9457/0452/files/20250928_170440_864375____whole-sets_why-so-serious-series-vinyl-plush-pendant-blind-box_plush-toys_details_pop-mart-us_____1200x1200_1.jpg?v=1763310817,kg,,,
why-so-serious-series-vinyl-plush-pendant-blind-box,,,The Moon Toys,,,,,,,,,,,,,,,,,,,,,,,,,,,,,https://cdn.shopify.com/s/files/1/0793/9457/0452/files/20250928_170436_309269____1_why-so-serious-series-vinyl-plush-pendant-blind-box_plush-toys_details_pop-mart-us_____1200x1200_1.jpg?v=1763310817,3,THE MONSTERS WHY SO SERIOUS Series-Vinyl Plush Pendant Blind Box – view 3 | The Moon Toys,,,,,,,,,
why-so-serious-series-vinyl-plush-pendant-blind-box,,,The Moon Toys,,,,,,,,,,,,,,,,,,,,,,,,,,,,,https://cdn.shopify.com/s/files/1/0793/9457/0452/files/20250928_170436_295142____4_why-so-serious-series-vinyl-plush-pendant-blind-box_plush-toys_details_pop-mart-us_____1200x1200_7d9fbcfc-59b4-4ce7-933e-6190ac64013c.jpg?v=1763310816,4,THE MONSTERS WHY SO SERIOUS Series-Vinyl Plush Pendant Blind Box – view 4 | The Moon Toys,,,,,,,,,
why-so-serious-series-vinyl-plush-pendant-blind-box,,,The Moon Toys,,,,,,,,,,,,,,,,,,,,,,,,,,,,,https://cdn.shopify.com/s/files/1/0793/9457/0452/files/20250928_170436_386038____6_why-so-serious-series-vinyl-plush-pendant-blind-box_plush-toys_details_pop-mart-us_____1200x1200_1.jpg?v=1763310817,5,THE MONSTERS WHY SO SERIOUS Series-Vinyl Plush Pendant Blind Box – view 5 | The Moon Toys,,,,,,,,,
why-so-serious-series-vinyl-plush-pendant-blind-box,,,The Moon Toys,,,,,,,,,,,,,,,,,,,,,,,,,,,,,https://cdn.shopify.com/s/files/1/0793/9457/0452/files/20250928_170436_420011____2_why-so-serious-series-vinyl-plush-pendant-blind-box_plush-toys_details_pop-mart-us_____1200x1200_1.jpg?v=1763310816,6,THE MONSTERS WHY SO SERIOUS Series-Vinyl Plush Pendant Blind Box – view 6 | The Moon Toys,,,,,,,,,
why-so-serious-series-vinyl-plush-pendant-blind-box,,,The Moon Toys,,,,,,,,,,,,,,,,,,,,,,,,,,,,,https://cdn.shopify.com/s/files/1/0793/9457/0452/files/20250928_170436_854504____5_why-so-serious-series-vinyl-plush-pendant-blind-box_plush-toys_details_pop-mart-us_____1200x1200_ac4ec28e-5e1c-4241-8b08-8ca21b74ca2c.jpg?v=1763310817,7,THE MONSTERS WHY SO SERIOUS Series-Vinyl Plush Pendant Blind Box – view 7 | The Moon Toys,,,,,,,,,
why-so-serious-series-vinyl-plush-pendant-blind-box,,,The Moon Toys,,,,,,,,,,,,,,,,,,,,,,,,,,,,,https://cdn.shopify.com/s/files/1/0793/9457/0452/files/20250928_170436_838281____3_why-so-serious-series-vinyl-plush-pendant-blind-box_plush-toys_details_pop-mart-us_____1200x1200_1.jpg?v=1763310816,8,THE MONSTERS WHY SO SERIOUS Series-Vinyl Plush Pendant Blind Box – view 8 | The Moon Toys,,,,,,,,,
why-so-serious-series-vinyl-plush-pendant-blind-box,,,The Moon Toys,,,,,,,,,,,,,,,,,,,,,,,,,,,,,https://cdn.shopify.com/s/files/1/0793/9457/0452/files/20250928_170436_598156____secret_why-so-serious-series-vinyl-plush-pendant-blind-box_plush-toys_details_pop-mart-us_____1200x1200_1.jpg?v=1763310817,9,THE MONSTERS WHY SO SERIOUS Series-Vinyl Plush Pendant Blind Box – view 9 | The Moon Toys,,,,,,,,,
why-so-serious-series-vinyl-plush-pendant-blind-box,,,The Moon Toys,,,,,,,,,,,,,,,,,,,,,,,,,,,,,https://cdn.shopify.com/s/files/1/0793/9457/0452/files/20250928_170436_058555____super-secret__why-so-serious-series-vinyl-plush-pendant-blind-box_plush-toys_details_pop-mart-us_____1200x1200_1.jpg?v=1763310816,10,THE MONSTERS WHY SO SERIOUS Series-Vinyl Plush Pendant Blind Box – view 10 | The Moon Toys,,,,,,,,,
the-monsters-coca-cola-series-vinyl-face-blind-box,THE MONSTERS COCA-COLA SERIES-Vinyl Face Blind Box,"<p>A fizzy collaboration. The <strong>Coca-Cola</strong> series wraps THE MONSTERS in classic soda-shop styling, pairing nostalgic reds with that signature grin.</p><ul><li>Vinyl face with plush body</li><li>Co-branded Coca-Cola theming and palette</li><li>Blind box — the variant inside is a surprise</li><li>Hidden secret figure in the series</li></ul><p>A crossover collectors line up for.</p>",The Moon Toys,"Toys & Games > Toys > Dolls, Playsets & Toy Figures > Action & Toy Figures > Action Figures",,,true,Size,Single Box,,,,,,,,,0.0,shopify,9996,deny,manual,46.00,,true,true,,,,,,https://cdn.shopify.com/s/files/1/0793/9457/0452/files/20250107_162203_284458____single-box_the-monsters-coca-cola-series-vinyl-face-blind-box_accessories_details_popmart-us_____1200x1200_ff1b51dd-684b-40ea-9a8a-b1f59639d2e7.jpg?v=1763310673,1,THE MONSTERS COCA-COLA SERIES-Vinyl Face Blind Box | The Moon Toys,false,THE MONSTERS COCA-COLA SERIES | The Moon Toys,Coca-Cola x THE MONSTERS vinyl-face blind box. Nostalgic soda-shop styling with a hidden variant. The Moon Toys.,,https://cdn.shopify.com/s/files/1/0793/9457/0452/files/20250107_162203_284458____single-box_the-monsters-coca-cola-series-vinyl-face-blind-box_accessories_details_popmart-us_____1200x1200_ff1b51dd-684b-40ea-9a8a-b1f59639d2e7.jpg?v=1763310673,kg,,,active
the-monsters-coca-cola-series-vinyl-face-blind-box,,,The Moon Toys,,,,,,Whole Set,,,,,,,,,0.0,shopify,10000,deny,manual,250.00,280.00,true,true,,,,,,https://cdn.shopify.com/s/files/1/0793/9457/0452/files/20250107_162203_606786____whole-set_the-monsters-coca-cola-series-vinyl-face-blind-box_accessories_details_popmart-us_____1200x1200_79234df3-e52d-41c4-a520-17a7d654fbe2.jpg?v=1763310673,2,THE MONSTERS COCA-COLA SERIES-Vinyl Face Blind Box – view 2 | The Moon Toys,,,,,https://cdn.shopify.com/s/files/1/0793/9457/0452/files/20250107_162203_606786____whole-set_the-monsters-coca-cola-series-vinyl-face-blind-box_accessories_details_popmart-us_____1200x1200_79234df3-e52d-41c4-a520-17a7d654fbe2.jpg?v=1763310673,kg,,,
the-monsters-coca-cola-series-vinyl-face-blind-box,,,The Moon Toys,,,,,,,,,,,,,,,,,,,,,,,,,,,,,https://cdn.shopify.com/s/files/1/0793/9457/0452/files/20250107_162203_821182____2_the-monsters-coca-cola-series-vinyl-face-blind-box_accessories_details_popmart-us_____1200x1200_ef54fcdd-8e17-44db-9f02-695f3bad5948.jpg?v=1763310673,3,THE MONSTERS COCA-COLA SERIES-Vinyl Face Blind Box – view 3 | The Moon Toys,,,,,,,,,
the-monsters-coca-cola-series-vinyl-face-blind-box,,,The Moon Toys,,,,,,,,,,,,,,,,,,,,,,,,,,,,,https://cdn.shopify.com/s/files/1/0793/9457/0452/files/20250107_162203_485765____1_the-monsters-coca-cola-series-vinyl-face-blind-box_accessories_details_popmart-us_____1200x1200_dfc03a5f-5101-47e0-8078-371ce783987a.jpg?v=1763310673,4,THE MONSTERS COCA-COLA SERIES-Vinyl Face Blind Box – view 4 | The Moon Toys,,,,,,,,,
the-monsters-coca-cola-series-vinyl-face-blind-box,,,The Moon Toys,,,,,,,,,,,,,,,,,,,,,,,,,,,,,https://cdn.shopify.com/s/files/1/0793/9457/0452/files/20250107_162203_107555____secret_the-monsters-coca-cola-series-vinyl-face-blind-box_accessories_details_popmart-us_____1200x1200_35b93dec-f35c-466e-8ebf-6078b3cf85ad.jpg?v=1763310673,5,THE MONSTERS COCA-COLA SERIES-Vinyl Face Blind Box – view 5 | The Moon Toys,,,,,,,,,
the-monsters-coca-cola-series-vinyl-face-blind-box,,,The Moon Toys,,,,,,,,,,,,,,,,,,,,,,,,,,,,,https://cdn.shopify.com/s/files/1/0793/9457/0452/files/20250107_162203_278611____scene_the-monsters-coca-cola-series-vinyl-face-blind-box_accessories_details_popmart-us_____1200x1200_0c076ca7-135a-4eb6-9332-7143b8fc689c.jpg?v=1763310673,6,THE MONSTERS COCA-COLA SERIES-Vinyl Face Blind Box – view 6 | The Moon Toys,,,,,,,,,
labubu-pronounce-wings-of-fortune-vinyl-plush-hanging-card,THE MONSTERS - WINGS OF FORTUNE Vinyl Plush Hanging Card,"<p>Fashion-forward fortune. <strong>Wings of Fortune</strong> brings a designer-collab sensibility to THE MONSTERS, with refined styling on a clip-on hanging-card build.</p><ul><li>Vinyl face with plush body and attachment clip</li><li>Elevated, collab-inspired detailing</li><li>Hanging-card format made to travel</li></ul><p>A standout for fans of the more elevated drops.</p>",The Moon Toys,"Toys & Games > Toys > Dolls, Playsets & Toy Figures > Stuffed Animals",,,true,Title,Default Title,,,,,,,,,0.0,shopify,10000,deny,manual,64.00,,true,true,,,,,,https://cdn.shopify.com/s/files/1/0793/9457/0452/files/20240925_114512_475511____1_____1200x1200_bc3b8627-16a6-4c2d-bb79-b7bf18c9d0cb.jpg?v=1763310568,1,THE MONSTERS - WINGS OF FORTUNE Vinyl Plush Hanging Card | The Moon Toys,false,THE MONSTERS - WINGS OF FORTUNE Vinyl Plush Hanging Card | The Moon To,Wings of Fortune hanging-card pendant. Designer-collab THE MONSTERS charm. Elevated drop at The Moon Toys.,,,kg,,,active
labubu-pronounce-wings-of-fortune-vinyl-plush-hanging-card,,,The Moon Toys,,,,,,,,,,,,,,,,,,,,,,,,,,,,,https://cdn.shopify.com/s/files/1/0793/9457/0452/files/20240925_114512_864499____2_____1200x1200_dd68d1cd-2179-43db-b11a-b781fd50bf27.jpg?v=1763310568,2,THE MONSTERS - WINGS OF FORTUNE Vinyl Plush Hanging Card – view 2 | The Moon Toys,,,,,,,,,
labubu-pronounce-wings-of-fortune-vinyl-plush-hanging-card,,,The Moon Toys,,,,,,,,,,,,,,,,,,,,,,,,,,,,,https://cdn.shopify.com/s/files/1/0793/9457/0452/files/20240925_114512_180981____3_____1200x1200_0d3293d2-4889-4f0f-b227-a97db9cfaf6e.jpg?v=1763310568,3,THE MONSTERS - WINGS OF FORTUNE Vinyl Plush Hanging Card – view 3 | The Moon Toys,,,,,,,,,
labubu-pronounce-wings-of-fortune-vinyl-plush-hanging-card,,,The Moon Toys,,,,,,,,,,,,,,,,,,,,,,,,,,,,,https://cdn.shopify.com/s/files/1/0793/9457/0452/files/20240925_114512_204880____4_____1200x1200_b9701378-0d62-48fc-a01a-936fe80ad718.jpg?v=1763310568,4,THE MONSTERS - WINGS OF FORTUNE Vinyl Plush Hanging Card – view 4 | The Moon Toys,,,,,,,,,
labubu-pronounce-wings-of-fortune-vinyl-plush-hanging-card,,,The Moon Toys,,,,,,,,,,,,,,,,,,,,,,,,,,,,,https://cdn.shopify.com/s/files/1/0793/9457/0452/files/20240925_114512_274524____scene_1_____1200x1200_c81260da-a390-492d-99a0-1d7c8730873c.jpg?v=1763310568,5,THE MONSTERS - WINGS OF FORTUNE Vinyl Plush Hanging Card – view 5 | The Moon Toys,,,,,,,,,
labubu-pronounce-wings-of-fortune-vinyl-plush-hanging-card,,,The Moon Toys,,,,,,,,,,,,,,,,,,,,,,,,,,,,,https://cdn.shopify.com/s/files/1/0793/9457/0452/files/20240925_114512_294210____scene_3_____1200x1200_db7c288d-91c8-4120-bafe-d08d1f879bca.jpg?v=1763310568,6,THE MONSTERS - WINGS OF FORTUNE Vinyl Plush Hanging Card – view 6 | The Moon Toys,,,,,,,,,
labubu-pronounce-wings-of-fortune-vinyl-plush-hanging-card,,,The Moon Toys,,,,,,,,,,,,,,,,,,,,,,,,,,,,,https://cdn.shopify.com/s/files/1/0793/9457/0452/files/20240925_114512_542160____scene_2_____1200x1200_40a4d553-d01a-49de-b7df-13d20c96942e.jpg?v=1763310568,7,THE MONSTERS - WINGS OF FORTUNE Vinyl Plush Hanging Card – view 7 | The Moon Toys,,,,,,,,,
the-monsters-big-into-energy-series-rock-the-universe-vinyl-plush-doll,THE MONSTERS Big into Energy Series-ROCK THE UNIVERSE Vinyl Plush Doll,"<p>Turn the energy up. <strong>Rock the Universe</strong> is the full-size doll spotlight from the beloved Big into Energy line — bigger presence, bolder attitude, same THE MONSTERS charm.</p><ul><li>Vinyl face with a generous plush body</li><li>Cosmic, high-energy styling and finish</li><li>Statement doll size for centerpiece display</li></ul><p>The headline piece of the series, ready to anchor your shelf.</p>",The Moon Toys,"Toys & Games > Toys > Dolls, Playsets & Toy Figures > Stuffed Animals",,,true,Title,Default Title,,,,,,,,,0.0,shopify,9998,deny,manual,114.00,,true,true,,,,,,https://cdn.shopify.com/s/files/1/0793/9457/0452/files/20250822_171130_254349____1_them-1_____1200x1200_8c4be748-d8a3-400f-885f-a4f5ef776677.jpg?v=1763310459,1,THE MONSTERS Big into Energy Series-ROCK THE UNIVERSE Vinyl Plush Doll | The Moon Toys,false,THE MONSTERS Big into Energy Series-ROCK THE UNIVERSE Vinyl Plush Doll,Rock the Universe full-size doll from the Big into Energy line. Cosmic THE MONSTERS centerpiece. The Moon Toys.,,,kg,,,active
the-monsters-big-into-energy-series-rock-the-universe-vinyl-plush-doll,,,The Moon Toys,,,,,,,,,,,,,,,,,,,,,,,,,,,,,https://cdn.shopify.com/s/files/1/0793/9457/0452/files/20250822_171130_014183____3_them-1_____1200x1200_7a77265d-21b9-4e2d-adf2-2e4d30838164.jpg?v=1763310459,2,THE MONSTERS Big into Energy Series-ROCK THE UNIVERSE Vinyl Plush Doll – view 2 | The Moon Toys,,,,,,,,,
the-monsters-big-into-energy-series-rock-the-universe-vinyl-plush-doll,,,The Moon Toys,,,,,,,,,,,,,,,,,,,,,,,,,,,,,https://cdn.shopify.com/s/files/1/0793/9457/0452/files/20250822_171130_207831____5_them-1_____1200x1200_b9b8995c-2d76-46b6-985d-221d490b2f14.jpg?v=1763310459,3,THE MONSTERS Big into Energy Series-ROCK THE UNIVERSE Vinyl Plush Doll – view 3 | The Moon Toys,,,,,,,,,
the-monsters-big-into-energy-series-rock-the-universe-vinyl-plush-doll,,,The Moon Toys,,,,,,,,,,,,,,,,,,,,,,,,,,,,,https://cdn.shopify.com/s/files/1/0793/9457/0452/files/20250822_171130_826682____scene_-1_____1200x1200_5a77d460-87ff-4a21-a6be-91de61161772.jpg?v=1763310459,4,THE MONSTERS Big into Energy Series-ROCK THE UNIVERSE Vinyl Plush Doll – view 4 | The Moon Toys,,,,,,,,,
the-monsters-big-into-energy-series-rock-the-universe-vinyl-plush-doll,,,The Moon Toys,,,,,,,,,,,,,,,,,,,,,,,,,,,,,https://cdn.shopify.com/s/files/1/0793/9457/0452/files/20250822_171130_836231____4_them-1_____1200x1200_eb90901d-6413-4160-8c5f-dcf5ac2b00d2.jpg?v=1763310459,5,THE MONSTERS Big into Energy Series-ROCK THE UNIVERSE Vinyl Plush Doll – view 5 | The Moon Toys,,,,,,,,,
